seed,lines,inputs,holds,score,combo,topcombo,btb,topbtb,tspins,piecesplaced,finalTime,,clears.singles,clears.doubles,clears.triples,clears.quads,clears.realtspins,clears.minitspins,clears.minitspinsingles,clears.tspinsingles,clears.tspindoubles,clears.tspintriples,clears.allclear,finesse.combo,finesse.faults,finesse.perfectpieces,replayid,copy,Stacking,,,,
1506296244,40,408,23,12096,2,2,0,5,0,108,62650,,11,1,1,6,0,0,0,0,0,0,0,0,74,67,64258f17fb49ed069e697a91,r:64258f17fb49ed069e697a91,9-0,,,,
499413325,40,358,23,10802,1,6,0,1,0,102,79260,,8,6,4,2,0,0,0,0,0,0,0,8,41,80,640c4cbaaa4882e7599cfa0b,r:640c4cbaaa4882e7599cfa0b,2 wide,,,,
932007926,40,353,3,9142,2,3,0,0,0,102,59181.66667,,18,8,2,0,0,0,0,0,0,0,0,1,56,70,63e8f77ff0cc508ed05d9475,r:63e8f77ff0cc508ed05d9475,Freestyle,,,,
130281803,41,643,9,9111,1,3,0,0,0,107,104233.3333,,26,6,1,0,0,0,0,0,0,0,0,0,292,24,644a7a3844b3865c688c9fff,r:644a7a3844b3865c688c9fff,Freestyle,,,,
758192548,40,441,27,12574,1,11,0,1,2,104,103871.6667,,20,9,0,0,0,0,2,0,0,0,0,0,101,58,63115f26cc59143b0f706c37,r:63115f26cc59143b0f706c37,3 wide,,,,
130081546,40,440,9,11152,2,2,0,3,0,101,90866.66667,,6,4,2,5,0,0,0,0,0,0,0,3,129,50,64271a67bcae8a06980bda86,r:64271a67bcae8a06980bda86,9-0,,,,
1686435736,40,423,15,11896,3,3,0,2,0,106,86143.33333,,2,2,2,7,0,0,0,0,0,0,0,3,105,56,63b12b550ee6860973632a7e,r:63b12b550ee6860973632a7e,0-9,,,,
1433523878,40,417,28,15573,1,3,0,6,2,106,65085,,4,0,1,7,0,0,0,0,1,1,0,0,64,69,63367b3be7bc74601ea3b8b7,r:63367b3be7bc74601ea3b8b7,0-9,,,,
1700591842,40,413,34,12846,1,3,0,3,3,101,76955,,11,3,3,2,0,0,1,0,1,1,0,1,73,69,63bed36fb1efb7cfd1cd9d75,r:63bed36fb1efb7cfd1cd9d75,Freestyle,,,,
581871901,40,443,29,12928,1,2,0,5,0,102,79020,,3,1,1,8,0,0,0,0,0,0,0,2,90,54,6450651241655062abd5e819,r:6450651241655062abd5e819,9-0,,,,
2096882508,40,392,13,12288,1,2,0,4,0,104,70353.33333,,3,1,1,8,0,0,0,0,0,0,0,0,66,72,63ad1cdfc4ac1d09851ae604,r:63ad1cdfc4ac1d09851ae604,9-0,,,,
366416931.9,40,393,,10338,1,5,0,1,0,108,80810,,9,9,3,1,0,0,0,0,0,0,0,0,70,73,5ef16022da478e1135e59636,r:5ef16022da478e1135e59636,2 wide,,,,
1827127404,40,488,17,10076,1,5,0,1,0,103,68720,,13,6,1,3,0,0,0,0,0,0,0,0,132,49,6436bdd189bb2d32e467a1a5,r:6436bdd189bb2d32e467a1a5,Freestyle,,,,
1098344032,40,449,40,10702,1,4,0,2,0,103,65585,,10,4,2,4,0,0,0,0,0,0,0,0,101,54,64271ea704d95706bc7256ee,r:64271ea704d95706bc7256ee,0-9,,,,
2044835771,40,376,28,13156,1,2,0,7,0,101,58403.33333,,1,4,1,7,0,0,0,0,0,0,0,3,53,69,645739a4f5ee1cc262069789,r:645739a4f5ee1cc262069789,9-0,,,,
954104654,40,479,19,10925,1,3,1,3,1,109,114395,,13,4,1,4,0,1,0,0,0,0,0,1,132,62,6420146a72059e7a4e3a39e7,r:6420146a72059e7a4e3a39e7,Freestyle,,,,
497608079,40,607,30,12573,1,3,0,1,4,113,127851.6667,,20,5,0,1,1,0,0,0,3,0,0,0,158,48,63a51a49c530933d3f323023,r:63a51a49c530933d3f323023,Freestyle,,,,
1020617052,40,326,4,12843,4,4,0,5,0,102,66201.66667,,7,1,1,7,0,0,0,0,0,0,0,8,30,77,645751ad508a1eb061e7fb80,r:645751ad508a1eb061e7fb80,9-0,,,,
1046838427,40,389,,9495,1,4,0,1,0,104,58776.66667,,15,9,1,1,0,0,0,0,0,0,0,2,76,65,60d1f7866962af2d1a70bc35,r:60d1f7866962af2d1a70bc35,Freestyle,,,,
33162320,41,441,43,11076,6,6,0,1,0,113,86818.33333,,9,8,4,1,0,0,0,0,0,0,0,0,76,70,642ec92085f1735820b0075f,r:642ec92085f1735820b0075f,2 Wide,,,,
1618343057,40,426,26,8612,1,2,0,0,0,102,77126.66667,,31,3,1,0,0,0,0,0,0,0,0,0,84,54,62582f14e2af172f184dc9fa,r:62582f14e2af172f184dc9fa,Freestyle,,,,
915785761,40,417,14,11490,1,3,1,3,0,106,112338.3333,,8,1,2,6,0,0,0,0,0,0,0,0,92,60,63c66ff09343cecfda0b0ec2,r:63c66ff09343cecfda0b0ec2,Mix,9-0,Freestyle,,
478857826,40,431,23,12632,4,4,0,6,0,101,89931.66667,,5,4,1,6,0,0,0,0,0,0,0,1,103,56,6433a26f83fd1f580a5c967c,r:6433a26f83fd1f580a5c967c,0-9,,,,
877567000,40,315,11,13156,1,2,3,5,0,104,64258.33333,,4,0,0,9,0,0,0,0,0,0,0,3,12,95,625aecaf708dd682948b9631,r:625aecaf708dd682948b9631,9-0,,,,
159265121,40,352,25,10962,1,8,0,1,0,102,48868.33333,,13,8,1,2,0,0,0,0,0,0,0,0,49,74,64133c74cdbd97a46dae8957,r:64133c74cdbd97a46dae8957,2 Wide,,,,
399081715,41,456,,10904,4,5,0,1,0,111,95925,,7,5,4,3,0,0,0,0,0,0,0,3,110,55,60c4352b6c8e722d136ff830,r:60c4352b6c8e722d136ff830,2 Wide,,,,
1253388278,40,388,2,12896,2,2,0,1,0,102,60561.66667,,19,2,3,2,0,0,0,0,0,0,1,4,100,52,6446ab32c320444993e6a6de,r:6446ab32c320444993e6a6de,Freestyle,,,,
1181949469,40,477,28,13926,1,2,0,9,0,103,97168.33333,,0,2,0,9,0,0,0,0,0,0,0,1,129,41,6443c20235154fed9e71d46c,r:6443c20235154fed9e71d46c,9-0,,,,
482172028,41,512,13,11730,1,3,0,2,0,106,95903.33333,,3,4,2,6,0,0,0,0,0,0,0,1,162,41,63da7c292c32d06d26bc89ba,r:63da7c292c32d06d26bc89ba,0-9,,,,
1584451684,40,399,17,8442,1,3,0,0,0,101,51650,,34,3,0,0,0,0,0,0,0,0,0,0,73,60,621838a1e571a3c09b6e83a6,r:621838a1e571a3c09b6e83a6,Freestyle,,,,
1140632150,40,522,23,10106,2,6,0,0,0,124,116280,,8,13,2,0,0,0,0,0,0,0,0,2,130,69,63da7a6fe534b56d1ec848ce,r:63da7a6fe534b56d1ec848ce,2 Wide,,,,
1128545495,40,354,9,13916,1,2,7,7,0,103,66601.66667,,1,0,1,9,0,0,0,0,0,0,0,1,61,67,64345edd19b9aa580efcd29f,r:64345edd19b9aa580efcd29f,9-0,,,,
1794811893,43,452,19,13667,1,7,2,4,0,122,77768.33333,,6,2,3,6,0,0,0,0,0,0,0,4,75,79,642acf601a881857fdd89b6e,r:642acf601a881857fdd89b6e,Mix,2 wide,36770,,
306794693,40,356,0,9137,1,2,1,1,0,103,72283.33333,,5,6,1,5,0,0,0,0,0,0,0,5,76,75,635c5f0d456cd10bae7c85df,r:635c5f0d456cd10bae7c85df,0-9,,,,
1956530686,40,428,8,11424,1,3,2,2,0,107,71516.66667,,5,3,3,5,0,0,0,0,0,0,0,4,109,59,645409bd41655062abd7ae60,r:645409bd41655062abd7ae60,Freestyle,,,,
1074790541,40,471,18,10182,1,3,0,2,0,106,97566.66667,,16,5,2,2,0,0,0,0,0,0,0,0,105,54,644c50269dc84a7aa3c32861,r:644c50269dc84a7aa3c32861,Freestyle,,,,
1669510056,40,537,22,9392,1,4,0,1,1,102,106563.3333,,21,6,2,0,0,0,1,0,0,0,0,1,184,33,6413ebfcaa4882e7599febb9,r:6413ebfcaa4882e7599febb9,Freestyle,,,,
897838559,40,497,20,9350,1,3,0,1,0,104,79611.66667,,18,6,2,1,0,0,0,0,0,0,0,0,143,40,6451c2cbc168111ad2df0d0c,r:6451c2cbc168111ad2df0d0c,Freestyle,,,,
2140430539,40,455,17,11270,1,10,0,1,0,102,79946.66667,,16,10,0,1,0,0,0,0,0,0,0,1,120,44,629a315139ac6ece0c6f8ace,r:629a315139ac6ece0c6f8ace,Mix,2 Wide ,Freestyle,,
485814242,41,442,26,20054,4,4,0,7,3,109,95296.66667,,1,4,0,7,0,0,0,2,1,0,1,0,73,69,63a0485ff1f2a5e084bd0108,r:63a0485ff1f2a5e084bd0108,36770,,,,
1185262030,40,452,27,10272,2,8,0,0,0,109,66958.33333,,17,10,1,0,0,0,0,0,0,0,0,0,72,63,6448f734c320444993e7bd98,r:6448f734c320444993e7bd98,Mix,2 Wide,Freestyle,,
1377626666,40,440,19,13070,3,4,0,6,0,107,79916.66667,,2,2,2,7,0,0,0,0,0,0,0,2,101,52,63ceb2cf63226d6d116df18d,r:63ceb2cf63226d6d116df18d,9-0,,,,
1977872196,40,358,23,11952,4,9,0,1,0,107,63378.33333,,11,9,1,2,0,0,0,0,0,0,0,5,47,73,6426e3bfa0759606b8f80a68,r:6426e3bfa0759606b8f80a68,2 Wide,,,,
60347983,40,336,6,9864,1,3,0,2,0,102,79513.33333,,15,7,1,2,0,0,0,0,0,0,0,6,40,77,63191527d979a4ceff559c4c,r:63191527d979a4ceff559c4c,Freestyle,,,,
2071943736,40,383,27,10940,1,4,0,2,0,104,54055,,10,5,0,5,0,0,0,0,0,0,0,4,55,71,64391df9e41a231dbf335473,r:64391df9e41a231dbf335473,9-0,,,,
1815364677,40,378,13,12130,1,9,0,1,0,102,66391.66667,,13,7,3,1,0,0,0,0,0,0,0,1,79,57,644f6b0054481fd487d4703b,r:644f6b0054481fd487d4703b,2 Wide,,,,
465808442,40,399,20,11706,2,9,0,0,0,102,84898.33333,,10,12,2,0,0,0,0,0,0,0,0,0,82,59,644267de44b3865c6888d9c3,r:644267de44b3865c6888d9c3,2 Wide,,,,
1818823438,40,342,14,10302,1,2,0,2,0,103,45651.66667,,9,8,1,3,0,0,0,0,0,0,0,4,40,78,6272943b3fd82c068e52262f,r:6272943b3fd82c068e52262f,Freestyle,,,,
1870993385,40,403,25,12320,2,4,0,4,0,101,82733.33333,,4,4,0,7,0,0,0,0,0,0,0,2,60,74,643f381a746b9a663ddd9b1f,r:643f381a746b9a663ddd9b1f,Mix,0-9,9-0,,
8768773,40,507,23,10612,1,6,0,1,0,104,71678.33333,,14,7,0,3,0,0,0,0,0,0,0,1,167,40,64317218cf4508581d2c6fac,r:64317218cf4508581d2c6fac,2 Wide,,,,
1106036280,41,518,,11816,1,3,4,4,0,108,126668.3333,,6,4,1,6,0,0,0,0,0,0,0,1,167,43,610084c41ef37d32d31bb67c,r:610084c41ef37d32d31bb67c,Freestyle,,,,
24540016,41,420,17,11143,3,7,0,1,0,116,116910,,9,11,2,1,0,0,0,0,0,0,0,0,77,76,642d2c1819b9aa580ef9ac2f,r:642d2c1819b9aa580ef9ac2f,3 Wide,,,,
293562018,40,444,25,8973,1,2,0,0,0,102,97730,,24,5,2,0,0,0,0,0,0,0,0,1,100,56,63016da329db433b015dfe06,r:63016da329db433b015dfe06,Freestyle,,,,
2066801776,40,469,26,13360,3,3,0,8,0,113,90326.66667,,4,2,0,8,0,0,0,0,0,0,0,0,82,72,643a960b4e592db292afabbf,r:643a960b4e592db292afabbf,9-0,,,,
488390766,40,330,26,7643,2,4,0,0,0,107,74596.66667,,29,4,1,0,0,0,0,0,0,0,0,0,26,88,643bf66ce756836e237e2fa8,r:643bf66ce756836e237e2fa8,Freestyle,,,,
553242310,40,393,,11728,1,12,0,0,0,101,74628.33333,,25,6,1,0,0,0,0,0,0,0,0,2,73,61,60f46903a2f6c832f63ce64c,r:60f46903a2f6c832f63ce64c,Mix,3 wide,Freestyle,,
1687991055,40,341,32,8646,1,2,0,0,0,105,74521.66667,,29,4,1,0,0,0,0,0,0,0,0,0,32,83,63c02dc9544ba3cfca7bc252,r:63c02dc9544ba3cfca7bc252,Freestyle,,,,
450351482,40,495,30,14573,2,2,0,9,1,125,78935,,4,0,0,9,1,0,0,0,0,0,0,0,96,73,63f352e6b507939b0a624218,r:63f352e6b507939b0a624218,36770,,,,
1170855073,40,402,0,9208,1,4,0,0,0,102,72215,,27,5,1,0,0,0,0,0,0,0,0,0,108,43,6338d5f57df503600a35d27e,r:6338d5f57df503600a35d27e,Freestyle,,,,
932918431,40,351,11,10306,2,3,0,1,0,103,70106.66667,,10,4,2,4,0,0,0,0,0,0,0,1,38,75,6431fca185f1735820b166f4,r:6431fca185f1735820b166f4,Freestyle,,,,
1538487148,40,316,9,11890,1,3,0,5,0,102,70420,,9,4,1,5,0,0,0,0,0,0,0,18,14,92,64517f47c168111ad2def3b4,r:64517f47c168111ad2def3b4,9-0,,,,
935071498,40,394,14,18316,1,2,9,9,2,114,64446.66667,,0,0,1,9,1,0,1,0,0,0,1,1,48,87,6400e6cabe02c29b2020d50b,r:6400e6cabe02c29b2020d50b,9-0,,,,
1699962113,40,440,25,13120,1,3,0,6,0,105,73985,,4,2,0,8,0,0,0,0,0,0,0,0,97,59,64372ca33868c14555437247,r:64372ca33868c14555437247,Freestyle,,,,
1556337704,40,361,25,14946,1,1,10,10,0,101,63505,,0,0,0,10,0,0,0,0,0,0,0,4,49,72,643c8f920d843ea41d78c1c4,r:643c8f920d843ea41d78c1c4,9-0,,,,
1776742201,41,424,28,11438,1,7,1,1,0,108,77598.33333,,9,5,2,4,0,0,0,0,0,0,0,1,71,65,644a5029d133a913b12b28bb,r:644a5029d133a913b12b28bb,9-0,,,,
264393110,40,374,,11400,2,2,0,5,0,101,63025,,14,1,0,6,0,0,0,0,0,0,0,5,50,75,605ac3c1d8bf2a23b07866b7,r:605ac3c1d8bf2a23b07866b7,Mix,0-9,Freestyle,,
1253645155,41,528,26,11944,1,3,0,1,3,108,172595,,11,7,0,3,1,0,0,0,2,0,0,3,115,65,62ad474165acdbce1a644a9f,r:62ad474165acdbce1a644a9f,Freestyle,,,,
1371087337,40,296,1,12902,3,3,0,7,0,101,64506.66667,,4,1,2,7,0,0,0,0,0,0,0,2,27,85,61d4ba26fd658574063270c9,r:61d4ba26fd658574063270c9,Freestyle,,,,
1731428405,41,423,,13218,1,2,4,4,0,113,81548.33333,,2,0,1,9,0,0,0,0,0,0,0,1,98,74,6052a4ae10122e23998ec72c,r:6052a4ae10122e23998ec72c,9-0,,,,
1671953512,40,425,42,12494,4,11,0,1,0,107,57858.33333,,11,11,1,1,0,0,0,0,0,0,0,2,80,68,63cfbf3e63226d6d116e47c2,r:63cfbf3e63226d6d116e47c2,2 Wide,,,,
1282822345,42,402,29,12362,1,2,0,5,0,110,65043.33333,,1,0,3,8,0,0,0,0,0,0,0,6,54,82,643d651a0d843ea41d793126,r:643d651a0d843ea41d793126,9-0,,,,
2143526717,40,362,5,9166,2,3,0,0,0,102,72376.66667,,25,6,1,0,0,0,0,0,0,0,0,0,68,64,6427af1819b9aa580ef7827c,r:6427af1819b9aa580ef7827c,2 Wide,,,,
1928810009,40,435,18,12880,1,4,0,4,0,104,80683.33333,,7,1,1,7,0,0,0,0,0,0,0,2,96,56,636550a35cb8097f9dd7b311,r:636550a35cb8097f9dd7b311,0-9,,,,
621412916,40,369,31,10104,1,2,0,2,0,101,74933.33333,,8,4,4,3,0,0,0,0,0,0,0,3,59,66,641b0e86beb53e7a4b07d4df,r:641b0e86beb53e7a4b07d4df,9-0,,,,
1650691940,40,460,31,9632,1,3,0,1,0,103,81625,,14,6,2,2,0,0,0,0,0,0,0,2,92,56,641b579248adfa7a3e7bb156,r:641b579248adfa7a3e7bb156,Freestyle,,,,
579365150,40,339,21,12126,1,3,0,3,0,102,63636.66667,,5,2,1,7,0,0,0,0,0,0,0,10,30,81,644106cb5290461b4c18d22c,r:644106cb5290461b4c18d22c,9-0,,,,
1680233033,40,409,16,10292,2,4,0,1,0,105,66738.33333,,13,5,3,2,0,0,0,0,0,0,0,12,78,66,640b4c5640fed39b1ee880a0,r:640b4c5640fed39b1ee880a0,Freestyle,,,,
760096924,40,434,23,10998,1,5,0,2,0,101,90870,,5,3,3,5,0,0,0,0,0,0,0,0,123,54,6404aa0040fed39b1ee5eb01,r:6404aa0040fed39b1ee5eb01,Mix,9-0,0-9,,
929750312,41,368,9,13540,2,2,0,5,0,105,66628.33333,,3,3,0,8,0,0,0,0,0,0,0,2,59,73,6412f6ab81abac9b3365a3d7,r:6412f6ab81abac9b3365a3d7,9-0,,,,
1787421678,40,540,22,11016,2,4,0,3,0,106,126230,,9,5,3,3,0,0,0,0,0,0,0,0,170,39,644d403b2778a3f96817502e,r:644d403b2778a3f96817502e,0-9,,,,
535698209,41,524,18,11342,2,2,0,2,0,115,98383.33333,,5,5,2,5,0,0,0,0,0,0,0,2,144,53,643e7f1c921ce0242bb921c8,r:643e7f1c921ce0242bb921c8,Mix,0-9,9-0,,
2129493793,40,482,22,10706,2,4,0,3,0,103,94043.33333,,18,2,2,3,0,0,0,0,0,0,0,3,114,53,6456381665d6430930ca65e5,r:6456381665d6430930ca65e5,9-0,,,,
676692537,40,496,10,9852,2,6,0,1,0,107,117483.3333,,16,10,0,1,0,0,0,0,0,0,0,1,162,44,64401179c72e7052a2db31b3,r:64401179c72e7052a2db31b3,2 Wide,,,,
1695442203,41,454,19,13046,2,5,1,5,0,106,95435,,3,0,2,8,0,0,0,0,0,0,0,2,109,53,643ddeab0d843ea41d79691d,r:643ddeab0d843ea41d79691d,9-0,,,,
1037098476,41,530,12,11322,1,3,0,2,0,104,100098.3333,,9,4,0,6,0,0,0,0,0,0,0,0,184,32,63c539818b6199cff4efdac7,r:63c539818b6199cff4efdac7,Freestyle,,,,
250362424,40,459,7,13410,1,2,0,8,0,104,114471.6667,,4,2,0,8,0,0,0,0,0,0,0,0,151,44,6455306f508a1eb061e70f34,r:6455306f508a1eb061e70f34,0-9,,,,
1862759472,41,573,4,9633,1,2,0,1,0,112,127006.6667,,2,9,3,3,0,0,0,0,0,0,0,0,242,33,6242eea3ef065ce3b0b6927e,r:6242eea3ef065ce3b0b6927e,Freestyle,,,,
1917941451,40,470,32,12430,1,2,0,6,0,106,68978.33333,,8,4,0,6,0,0,0,0,0,0,0,0,110,54,627e3797574217069591c858,r:627e3797574217069591c858,Mix,9-0,Freestyle,,
727484443,40,367,,10288,1,3,0,1,0,102,86246.66667,,9,3,3,4,0,0,0,0,0,0,0,2,64,73,60b0b472fcb01c136f597d5c,r:60b0b472fcb01c136f597d5c,Freestyle,,,,
1785371461,40,386,10,10530,1,2,0,3,0,101,77600,,8,7,2,3,0,0,0,0,0,0,0,5,81,58,63f82ec65977d89b10d401bc,r:63f82ec65977d89b10d401bc,Freestyle,,,,
681719802,40,478,29,12652,2,2,0,4,0,104,84628.33333,,0,1,2,8,0,0,0,0,0,0,0,1,126,53,62afbb8439ac6ece0c79a57b,r:62afbb8439ac6ece0c79a57b,9-0,,,,
1512208582,40,408,19,13292,1,2,1,3,3,102,84116.66667,,21,3,1,1,0,0,0,1,1,1,0,1,80,61,6407a8a740fed39b1ee70ff1,r:6407a8a740fed39b1ee70ff1,Freestyle,,,,
1695260028,40,399,11,9572,2,3,0,1,0,103,76046.66667,,22,4,2,1,0,0,0,0,0,0,0,0,85,56,638eb39909d2076700453f05,r:638eb39909d2076700453f05,Freestyle,,,,
1050034514,40,382,15,9550,1,2,0,2,0,103,102243.3333,,13,5,3,2,0,0,0,0,0,0,0,3,70,64,633524f7003b4c6002471659,r:633524f7003b4c6002471659,Mix,9-0,Freestyle,,
315063319,40,404,15,9484,2,3,0,1,0,104,75700,,6,7,4,2,0,0,0,0,0,0,0,0,80,59,63e50b8a2c32d06d26c03d07,r:63e50b8a2c32d06d26c03d07,Freestyle,,,,
517901130,41,386,6,10734,7,7,0,0,0,105,97110,,12,10,3,0,0,0,0,0,0,0,0,0,93,59,6415b9baaa4882e759a09fff,r:6415b9baaa4882e759a09fff,Mix,2 wide ,3 wide,,
1863937815,40,400,5,11262,1,3,0,2,0,104,60820,,5,5,3,4,0,0,0,0,0,0,0,3,86,59,6431e8ea19b9aa580efbbd03,r:6431e8ea19b9aa580efbbd03,9-0,,,,
1064787475,40,480,28,10736,2,3,0,3,1,105,67406.66667,,16,4,1,3,0,0,1,0,0,0,0,1,136,47,629fcd4d1de244ce13e5f790,r:629fcd4d1de244ce13e5f790,Freestyle,,,,
83659303,40,516,25,13094,1,2,8,8,0,113,331446.6667,,1,0,1,9,0,0,0,0,0,0,0,2,160,55,64573e15f5ee1cc262069953,r:64573e15f5ee1cc262069953,9-0,,,,
2063014892,41,442,5,9355,1,3,0,0,0,111,86335,,23,6,2,0,0,0,0,0,0,0,0,0,104,67,6449bc9b35154fed9e74a275,r:6449bc9b35154fed9e74a275,Freestyle,,,,
1582296249,40,460,20,10022,2,3,0,2,0,102,86220,,15,7,1,2,0,0,0,0,0,0,0,5,111,53,62d0666f96cec7340a146274,r:62d0666f96cec7340a146274,Mix,9-0,Freestyle,,
775453434,40,447,23,10048,2,2,0,1,0,107,81203.33333,,9,4,5,2,0,0,0,0,0,0,0,2,103,57,638c7a939048481081441a7c,r:638c7a939048481081441a7c,Freestyle,,,,
386074538,40,408,18,9502,3,3,0,1,0,102,74900,,13,4,5,1,0,0,0,0,0,0,0,2,89,55,64511a74c168111ad2debf36,r:64511a74c168111ad2debf36,Freestyle,,,,
317773518,40,396,15,14906,1,1,10,10,0,107,76396.66667,,0,0,0,10,0,0,0,0,0,0,0,2,82,62,6172456f0e6ac854a4014111,r:6172456f0e6ac854a4014111,9-0,,,,
464040217,40,400,20,12030,1,2,0,5,0,104,106968.3333,,8,4,0,6,0,0,0,0,0,0,0,0,75,66,63cc86fa56c1df6d14d0cc07,r:63cc86fa56c1df6d14d0cc07,Mix,9-0,Freestyle,,
634667211,40,393,3,11494,1,7,0,3,0,105,78626.66667,,8,7,2,3,0,0,0,0,0,0,0,1,82,59,643ec4ba05baf9476c7ea141,r:643ec4ba05baf9476c7ea141,Mix,2 wide,0-9,Freestyle,
688878785,41,350,9,11030,3,3,0,2,0,105,91546.66667,,8,2,3,5,0,0,0,0,0,0,0,1,54,77,644be21ae02cc676fdf806fd,r:644be21ae02cc676fdf806fd,9-0,,,,
1498377376,40,474,22,13246,1,1,4,4,0,106,91461.66667,,1,0,1,9,0,0,0,0,0,0,0,1,101,56,63b5974e217b2d096333d347,r:63b5974e217b2d096333d347,9-0,,,,
1316778736,40,414,20,9170,2,2,0,0,0,102,77356.66667,,20,7,2,0,0,0,0,0,0,0,0,0,92,53,6414422781abac9b33662712,r:6414422781abac9b33662712,Freestyle,,,,
1934220871,40,367,9,13206,1,1,3,4,0,101,73570,,2,1,0,9,0,0,0,0,0,0,0,1,66,64,63bd60162ba1cccfecd6ddcf,r:63bd60162ba1cccfecd6ddcf,9-0,,,,
593947006,40,440,18,14802,1,2,10,10,0,106,77571.66667,,0,0,0,10,0,0,0,0,0,0,0,4,92,58,64537f190a68d94999f29a04,r:64537f190a68d94999f29a04,9-0,,,,
2143360425,40,368,26,9416,2,3,0,1,0,104,113855,,14,6,2,2,0,0,0,0,0,0,0,6,55,74,64466cc9c320444993e680a8,r:64466cc9c320444993e680a8,9-0,,,,
1620870645,40,418,53,11681,1,3,0,5,0,107,55355,,10,5,0,5,0,0,0,0,0,0,0,1,75,74,640fa3b7cdbd97a46dad1ca6,r:640fa3b7cdbd97a46dad1ca6,Mix,6-3,Freestyle,,
1426497088,40,391,22,10199,3,5,0,1,0,102,76041.66667,,15,7,1,2,0,0,0,0,0,0,0,1,63,64,6452faf341655062abd72046,r:6452faf341655062abd72046,Freestyle,,,,
696769756,43,405,20,15052,1,3,9,9,0,112,100078.3333,,1,1,0,10,0,0,0,0,0,0,0,2,72,71,63f29ece2a57039b17c92111,r:63f29ece2a57039b17c92111,36770,,,,
1817026073,40,433,36,9183,1,4,0,0,0,104,97251.66667,,26,4,2,0,0,0,0,0,0,0,0,2,51,72,64430fb8d133a913b127d842,r:64430fb8d133a913b127d842,Freestyle,,,,
1615362074,41,421,29,11456,1,7,1,1,1,105,116700,,15,7,2,1,0,0,0,0,1,0,0,3,80,70,624d8ea40833cfa3b15995cf,r:624d8ea40833cfa3b15995cf,Mix,Freestyle,2 wide,,
766446941,40,461,,11476,1,2,0,3,0,102,86815,,2,3,4,5,0,0,0,0,0,0,0,1,149,43,60950c601f4859d484f50e92,r:60950c601f4859d484f50e92,9-0,,,,
1594415444,40,469,13,11422,1,3,0,4,0,106,84083.33333,,12,4,0,5,0,0,0,0,0,0,0,0,128,43,643a85f38bbe0329d86a9374,r:643a85f38bbe0329d86a9374,Mix,0-9,Freestyle,,
372017581,40,418,12,12098,5,5,0,4,0,101,82605,,4,6,0,6,0,0,0,0,0,0,0,0,88,64,642f6b151a881857fdda8c4e,r:642f6b151a881857fdda8c4e,Mix,9-0,Freestyle,,
2116303755,40,505,18,10518,1,4,0,2,0,105,108718.3333,,9,6,1,4,0,0,0,0,0,0,0,0,164,40,62c0e366bf6ce5ce2e900b0e,r:62c0e366bf6ce5ce2e900b0e,Freestyle,,,,
1855830859,40,531,14,9719,7,7,0,1,0,102,133960,,22,1,4,1,0,0,0,0,0,0,0,0,198,33,6427536c26e2c90692af0d2a,r:6427536c26e2c90692af0d2a,Freestyle,,,,
1262202595,40,416,3,9366,1,6,0,0,0,103,93958.33333,,23,7,1,0,0,0,0,0,0,0,0,2,109,57,6440d68827ee40a5855f965c,r:6440d68827ee40a5855f965c,Freestyle,,,,
178305431,40,365,1,9264,4,4,0,0,0,101,106273.3333,,20,7,2,0,0,0,0,0,0,0,0,0,78,60,64511d5365d6430930c7ee79,r:64511d5365d6430930c7ee79,Freestyle,,,,
2000602185,40,424,4,8856,1,3,0,0,0,102,83901.66667,,18,11,0,0,0,0,0,0,0,0,0,0,128,47,642c4cde6cdce157f625e0fc,r:642c4cde6cdce157f625e0fc,Freestyle,,,,
1883934789,40,438,10,9602,1,3,0,1,0,102,100616.6667,,16,5,2,2,0,0,0,0,0,0,0,0,131,52,63e0bf1996fc8b6d043e665a,r:63e0bf1996fc8b6d043e665a,Freestyle,,,,
1590379442,40,436,4,14190,2,2,0,9,0,102,79055,,1,0,1,9,0,0,0,0,0,0,0,5,130,47,640dc75bad41309b2b09fceb,r:640dc75bad41309b2b09fceb,0-9,,,,
1822638820,43,523,9,12830,1,2,3,4,0,110,114440,,6,3,1,7,0,0,0,0,0,0,0,0,185,42,61dece38585652c0c0e591ce,r:61dece38585652c0c0e591ce,9-0,,,,
209319271,40,571,27,9386,2,4,0,1,0,118,143635,,15,7,1,2,0,0,0,0,0,0,0,1,155,55,638fdaacfecc3b6705561beb,r:638fdaacfecc3b6705561beb,Freestyle,,,,
244558812,40,534,17,9732,1,3,0,1,0,102,115791.6667,,15,4,3,2,0,0,0,0,0,0,0,1,175,32,641db1cbdbe5737a6de55c86,r:641db1cbdbe5737a6de55c86,Freestyle,,,,
1020929432,40,575,6,8401,1,2,0,1,0,102,135865,,15,6,3,1,0,0,0,0,0,0,0,0,230,22,6435106c83fd1f580a5d37ad,r:6435106c83fd1f580a5d37ad,Freestyle,,,,
1746638659,42,407,6,10110,1,3,0,1,0,108,95210,,17,4,3,2,0,0,0,0,0,0,0,1,94,68,6447c31456877088c317af15,r:6447c31456877088c317af15,Freestyle,,,,
465198191,41,447,18,12650,1,4,3,3,0,111,97096.66667,,9,1,2,6,0,0,0,0,0,0,0,1,102,60,63b69cf24d1ec80965d46cc4,r:63b69cf24d1ec80965d46cc4,Mix,0-9,2 wide,freestyle,
1208176679,40,473,10,11272,1,4,0,3,0,108,95765,,7,7,1,4,0,0,0,0,0,0,0,1,142,48,644f173a508a1eb061e420b0,r:644f173a508a1eb061e420b0,Freestyle,,,,
2140077144,40,510,5,8884,1,4,0,0,0,102,76335,,20,7,2,0,0,0,0,0,0,0,0,2,193,33,643396eb1a881857fddc4c5b,r:643396eb1a881857fddc4c5b,Freestyle,,,,
1996636423,40,426,26,10412,1,3,0,2,0,107,88400,,10,6,2,3,0,0,0,0,0,0,0,2,84,68,6422b4929ed8697a6a57fa38,r:6422b4929ed8697a6a57fa38,Freestyle,,,,
2101572815,41,392,,10676,1,4,0,2,0,104,100493.3333,,9,4,4,3,0,0,0,0,0,0,0,1,70,63,612a72643d6fdb44cec0698f,r:612a72643d6fdb44cec0698f,Freestyle,,,,
647986943,41,388,0,9324,1,3,0,1,0,105,119655,,24,5,1,1,0,0,0,0,0,0,0,3,99,56,640d366ecdbd97a46dac3ccc,r:640d366ecdbd97a46dac3ccc,Freestyle,,,,
366802293,40,531,24,10488,2,6,0,1,0,102,112336.6667,,8,9,2,2,0,0,0,0,0,0,0,1,151,37,63fac4d52a57039b17cc155a,r:63fac4d52a57039b17cc155a,Mix,2 wide,Freestyle,,
1983762462,40,411,3,9429,1,2,0,1,0,103,78860,,17,6,1,2,0,0,0,0,0,0,0,2,103,49,644ce19aa60706fa1244136e,r:644ce19aa60706fa1244136e,Freestyle,,,,
1951779444,40,463,25,11022,1,2,0,3,0,101,97060,,6,4,2,5,0,0,0,0,0,0,0,0,116,56,64471272c320444993e6d1ae,r:64471272c320444993e6d1ae,Mix,Freestyle,0-9,,
178890987,40,442,21,14550,1,2,10,10,0,103,108758.3333,,0,0,0,10,0,0,0,0,0,0,0,1,107,44,64535018cad39dab9b8148fb,r:64535018cad39dab9b8148fb,9-0,,,,
737828438,40,412,9,9010,1,2,0,1,0,102,96306.66667,,23,5,1,1,0,0,0,0,0,0,0,2,96,54,64434ea6c0fad3659d8ef3b6,r:64434ea6c0fad3659d8ef3b6,Freestyle,,,,
1283652713,40,579,2,10730,1,3,0,3,0,103,188416.6667,,6,6,2,4,0,0,0,0,0,0,0,0,264,30,6225e65accd8656984ccbd7e,r:6225e65accd8656984ccbd7e,Freestyle,,,,
1998520856,40,521,10,9496,1,4,0,1,0,104,136338.3333,,17,4,1,3,0,0,0,0,0,0,0,1,185,33,6436cbc403a10ca0a2c77e42,r:6436cbc403a10ca0a2c77e42,Freestyle,,,,
677118827,40,488,27,10363,3,6,0,1,0,110,77243.33333,,19,5,1,2,0,0,0,0,0,0,0,0,93,66,643651b90aa9208e27fe4ba9,r:643651b90aa9208e27fe4ba9,Mix,Freestyle,2 wide,,
1319512951,40,438,9,10116,1,4,0,1,0,106,101133.3333,,10,5,4,2,0,0,0,0,0,0,0,1,110,60,63af58e5645c08095d2563f4,r:63af58e5645c08095d2563f4,Freestyle,,,,
561965985,40,452,33,10880,1,5,0,2,0,102,73251.66667,,8,3,2,5,0,0,0,0,0,0,0,2,98,56,64395718b01700c58c3cea8a,r:64395718b01700c58c3cea8a,9-0,,,,
782690765,40,529,25,11096,1,2,0,3,0,111,125271.6667,,6,4,2,5,0,0,0,0,0,0,0,0,128,54,62f9e49ff8fb773afa7aab54,r:62f9e49ff8fb773afa7aab54,Mix,9-0,Freestyle,,
1058624099,40,325,21,10682,1,2,0,2,0,103,78611.66667,,9,3,3,4,0,0,0,0,0,0,0,103,0,103,644841c38b18b8aa99023fe3,r:644841c38b18b8aa99023fe3,Mix,9-0,Freestyle,,
369979630,40,444,21,8837,1,3,0,0,0,108,120470,,28,6,0,0,0,0,0,0,0,0,0,0,78,67,640fd4acaa4882e7599e4559,r:640fd4acaa4882e7599e4559,Freestyle,,,,
772217062,40,426,17,9892,1,4,0,1,1,101,91446.66667,,28,2,2,0,0,0,0,0,1,0,0,2,95,54,63ff898c2a57039b17cdcac4,r:63ff898c2a57039b17cdcac4,Freestyle,,,,
1189979675,41,433,21,10732,1,4,0,1,0,110,89186.66667,,8,6,3,3,0,0,0,0,0,0,0,1,78,69,62cd446d1de244ce13f7c0e2,r:62cd446d1de244ce13f7c0e2,Freestyle,,,,
120257308,40,501,19,15752,4,4,0,4,0,106,140445,,3,5,1,6,0,0,0,0,0,0,1,0,148,45,642e2d79c7bb03580487c445,r:642e2d79c7bb03580487c445,9-0,,,,
1326633920,40,510,32,9720,1,6,0,1,0,105,97916.66667,,13,7,3,1,0,0,0,0,0,0,0,0,125,47,64347ecd83fd1f580a5cfbae,r:64347ecd83fd1f580a5cfbae,Freestyle,,,,
553959387,40,481,4,10598,1,3,0,2,0,110,138736.6667,,9,5,3,3,0,0,0,0,0,0,0,2,153,56,638b5fcdbf44ce1066ae772c,r:638b5fcdbf44ce1066ae772c,Freestyle,,,,
105197362,40,420,20,11610,1,2,0,3,0,105,107701.6667,,5,1,3,6,0,0,0,0,0,0,0,0,80,62,632ab8ff6da7330727f21303,r:632ab8ff6da7330727f21303,Mix,9-0,Freestyle,,
1547609571,40,488,21,9866,1,4,0,1,0,103,116051.6667,,14,4,2,3,0,0,0,0,0,0,0,0,157,46,63cd26ff56c1df6d14d0fcc6,r:63cd26ff56c1df6d14d0fcc6,Freestyle,,,,
669793173,40,472,20,11155,1,4,0,3,0,102,125611.6667,,7,2,3,5,0,0,0,0,0,0,0,1,122,64,627f016e3fd82c068e579f08,r:627f016e3fd82c068e579f08,Freestyle,,,,
865013208,40,479,26,12042,2,3,0,3,0,104,84465,,5,2,1,7,0,0,0,0,0,0,0,1,134,46,63434eb97c77f77cbbb577da,r:63434eb97c77f77cbbb577da,9-0,,,,
1283961702,40,382,8,11010,1,3,0,3,0,101,88275,,10,4,2,4,0,0,0,0,0,0,0,0,82,57,6204d58681f4b7b1a8ba39d4,r:6204d58681f4b7b1a8ba39d4,Freestyle,,,,
1807897842,41,512,30,8838,1,3,0,0,0,108,70910,,23,6,2,0,0,0,0,0,0,0,0,1,108,57,63f9b72ab507939b0a64a0a9,r:63f9b72ab507939b0a64a0a9,Freestyle,,,,
1608830605,40,406,15,11930,1,2,0,3,0,104,95863.33333,,9,2,1,6,0,0,0,0,0,0,0,0,80,63,63d5cf9e63226d6d1170625d,r:63d5cf9e63226d6d1170625d,Freestyle,,,,
356818557,40,544,32,9890,1,5,0,1,0,111,114946.6667,,14,8,2,1,0,0,0,0,0,0,0,2,141,60,63728d3ed49473f7b4cd354f,r:63728d3ed49473f7b4cd354f,Mix,Freestyle,2 Wide,,
361426751,40,361,6,9622,1,4,0,1,0,102,63956.66667,,22,7,0,1,0,0,0,0,0,0,0,2,72,65,63ed6af32a57039b17c745cf,r:63ed6af32a57039b17c745cf,Freestyle,,,,
1810120763,40,422,14,14774,1,2,10,10,0,108,101315,,0,0,0,10,0,0,0,0,0,0,0,1,81,71,636f6bc9771d47f7ca927d53,r:636f6bc9771d47f7ca927d53,9-0,,,,
827804681,40,436,21,10892,1,6,0,2,0,110,84150,,11,5,1,4,0,0,0,0,0,0,0,2,102,57,64282a091a881857fdd79d01,r:64282a091a881857fdd79d01,Freestyle,,,,
1166004274,40,462,27,9558,2,3,0,1,0,108,90418.33333,,19,7,1,1,0,0,0,0,0,0,0,0,97,56,6353d8fe1aa72f8664dc8613,r:6353d8fe1aa72f8664dc8613,Freestyle,,,,
1182926309,40,397,6,9304,2,3,0,1,0,103,78658.33333,,25,4,1,1,0,0,0,0,0,0,0,2,84,58,61b0b8cdb25f3e0372d249aa,r:61b0b8cdb25f3e0372d249aa,Freestyle,,,,
444546840,40,404,10,10436,3,4,0,2,0,101,85200,,10,8,2,2,0,0,0,0,0,0,0,1,96,58,6441a2dc44b3865c68888019,r:6441a2dc44b3865c68888019,Freestyle,,,,
1627764680,40,465,0,9218,1,3,1,1,0,112,95633.33333,,10,4,2,4,0,0,0,0,0,0,0,1,144,55,622d75863ca164699243e2ab,r:622d75863ca164699243e2ab,Freestyle,,,,
2103209889,40,338,0,9888,1,5,0,1,0,103,77098.33333,,7,7,1,4,0,0,0,0,0,0,0,11,56,72,643543d419b9aa580efd2fe1,r:643543d419b9aa580efd2fe1,Mix,Freestyle,2 wide,,
1150997190,41,435,18,12208,1,4,1,3,0,110,83815,,9,4,0,6,0,0,0,0,0,0,0,2,102,61,6335a78c1aa72f8664d213e6,r:6335a78c1aa72f8664d213e6,Mix,9-0,Freestyle,0-9,
886715710,40,359,11,10346,1,3,0,2,0,103,69605,,18,3,0,4,0,0,0,0,0,0,0,1,59,69,643b93af4eab3ebe33a26d3b,r:643b93af4eab3ebe33a26d3b,Freestyle,,,,
1372431796,40,371,17,9542,1,3,0,1,0,101,75890,,16,7,2,1,0,0,0,0,0,0,0,2,52,64,641c3e4c9ed8697a6a557783,r:641c3e4c9ed8697a6a557783,Freestyle,,,,
134985146,40,451,34,11361,1,4,0,4,0,106,87645,,12,3,2,4,0,0,0,0,0,0,0,0,84,65,6442058c56877088c314f396,r:6442058c56877088c314f396,Mix,9-0,Freestyle,,
1588057640,40,453,16,10520,1,4,0,2,0,102,91370,,11,5,1,4,0,0,0,0,0,0,0,0,117,46,63bbd5276febf8cfd81a3844,r:63bbd5276febf8cfd81a3844,Freestyle,,,,
2036900468,40,475,22,10490,2,6,0,2,0,102,129258.3333,,14,4,2,3,0,0,0,0,0,0,0,0,128,52,6389de081a8e44107ade889c,r:6389de081a8e44107ade889c,Mix,9-0,Freestyle,,
1925413256,40,472,26,12730,1,3,0,1,0,102,100250,,24,6,0,1,0,0,0,0,0,0,1,1,126,43,61614ec2a90b7def2f48963e,r:61614ec2a90b7def2f48963e,Freestyle,,,,
274807892,40,435,12,11020,1,2,0,3,0,111,111233.3333,,6,6,2,4,0,0,0,0,0,0,0,0,102,64,63c14fb07d6aa6cfc4a7be6a,r:63c14fb07d6aa6cfc4a7be6a,Mix,9-0,Freestyle,,
1869277666,40,588,12,10320,4,4,0,1,0,110,110155,,8,4,4,3,0,0,0,0,0,0,0,1,229,33,6456210ef5ee1cc262062325,r:6456210ef5ee1cc262062325,Freestyle,,,,
2018780858,40,331,5,10371,2,3,0,2,1,102,65355,,9,7,0,4,0,0,1,0,0,0,0,2,45,71,64308e2bc7bb03580488cb8b,r:64308e2bc7bb03580488cb8b,Mix,6-3,Freestyle,,
1128483552,40,525,22,12011,1,3,0,5,0,102,101873.3333,,3,4,3,5,0,0,0,0,0,0,0,0,161,40,6419e48aad41309b2b0e9b61,r:6419e48aad41309b2b0e9b61,Mix,9-0,Freestyle,,
1998292319,40,450,14,9068,2,2,0,1,0,101,79523.33333,,24,6,0,1,0,0,0,0,0,0,0,1,113,50,64241c0e88e4f506ad79bbc9,r:64241c0e88e4f506ad79bbc9,Freestyle,,,,
1830159478,40,534,11,10244,1,3,0,3,0,102,103080,,9,6,1,4,0,0,0,0,0,0,0,0,200,29,6407e021be02c29b202385cc,r:6407e021be02c29b202385cc,Mix,9-0,Freestyle,,
864658789,41,571,,12808,1,2,2,5,0,114,118671.6667,,4,1,1,8,0,0,0,0,0,0,0,1,174,46,60d48dc6866c6a2d2c89e52c,r:60d48dc6866c6a2d2c89e52c,Mix,9-0,Freestyle,,
1585607340,40,377,,11234,5,5,0,3,0,101,98418.33333,,11,3,1,5,0,0,0,0,0,0,0,0,70,60,61390562d6971e44f8a886dc,r:61390562d6971e44f8a886dc,Freestyle,,,,
1319343729,40,477,12,9238,1,3,0,1,0,103,108916.6667,,13,7,3,1,0,0,0,0,0,0,0,0,143,53,6450c72acad39dab9b8014ae,r:6450c72acad39dab9b8014ae,Freestyle,,,,
62991176,40,427,0,8789,1,3,0,0,0,103,117490,,23,7,1,0,0,0,0,0,0,0,0,2,125,52,63b18aea0ee6860973634686,r:63b18aea0ee6860973634686,Freestyle,,,,
1992170664,40,473,19,9071,2,3,0,0,0,104,139095,,19,9,1,0,0,0,0,0,0,0,0,0,120,52,644f47a441655062abd56725,r:644f47a441655062abd56725,Freestyle,,,,
419168004,40,689,10,10728,1,3,0,3,0,109,184741.6667,,11,5,1,4,0,0,0,0,0,0,0,0,318,9,61de53b4e29a97c0ade6096f,r:61de53b4e29a97c0ade6096f,Mix,0-9,Freestyle,,
1378884910,40,418,17,13438,2,7,0,5,0,102,81210,,5,2,1,7,0,0,0,0,0,0,0,4,71,71,644becfa7734da03837c5ea8,r:644becfa7734da03837c5ea8,0-9,,,,
530057604,40,549,20,11376,1,2,0,3,0,106,87316.66667,,5,2,5,4,0,0,0,0,0,0,0,1,177,28,6424213488e4f506ad79bdb1,r:6424213488e4f506ad79bdb1,Freestyle,,,,
1404534365,40,416,17,9528,1,3,0,1,0,103,72585,,17,5,3,1,0,0,0,0,0,0,0,3,104,51,64213f1948adfa7a3e7dfb7b,r:64213f1948adfa7a3e7dfb7b,Freestyle,,,,
1796837640,40,512,19,9051,1,3,0,1,0,102,252050,,14,11,0,1,0,0,0,0,0,0,0,0,127,47,6439082fe9b1894fa18303fc,r:6439082fe9b1894fa18303fc,Freestyle,,,,
273065251,41,392,20,11300,3,3,0,2,0,109,104526.6667,,4,4,3,5,0,0,0,0,0,0,0,1,55,77,6448f66bd133a913b12a8395,r:6448f66bd133a913b12a8395,9-0,,,,
46241408,41,415,12,9358,3,3,0,1,0,104,130041.6667,,16,2,3,3,0,0,0,0,0,0,0,0,90,58,63a16967bf566be06cc380fd,r:63a16967bf566be06cc380fd,Freestyle,,,,
1638852791,40,584,26,10252,1,2,0,3,0,103,143861.6667,,7,5,1,5,0,0,0,0,0,0,0,1,192,38,643fdd5ec72e7052a2db0ed2,r:643fdd5ec72e7052a2db0ed2,Mix,9-0,Freestyle,,
1202601856,40,442,25,9008,1,2,0,0,0,102,70908.33333,,20,7,2,0,0,0,0,0,0,0,0,1,108,52,63cd24f969ace36d329ba999,r:63cd24f969ace36d329ba999,Freestyle,,,,
2054623325,40,445,,9506,1,5,0,0,0,104,97930,,24,5,2,0,0,0,0,0,0,0,0,1,136,44,608060051aeeff6ecd928d53,r:608060051aeeff6ecd928d53,Freestyle,,,,
1268007768,40,438,17,15541,2,2,0,5,2,105,143656.6667,,0,2,1,7,0,0,0,0,1,1,0,0,99,57,643e494a9e17f7a3b034fa74,r:643e494a9e17f7a3b034fa74,3-6,,,,
200575240,40,504,14,10016,1,2,0,2,0,102,120650,,14,4,2,3,0,0,0,0,0,0,0,0,159,38,6409aec5be02c29b202447d3,r:6409aec5be02c29b202447d3,Freestyle,,,,
1666748260,42,408,29,13274,1,3,0,6,0,109,57321.66667,,2,1,2,8,0,0,0,0,0,0,0,3,55,75,645556c641655062abd84ffe,r:645556c641655062abd84ffe,9-0,,,,
2118050144,41,614,17,10570,1,3,1,2,0,108,132563.3333,,7,5,4,3,0,0,0,0,0,0,0,1,238,25,64515a5965d6430930c811df,r:64515a5965d6430930c811df,Freestyle,,,,
1669916022,40,449,1,14472,1,1,10,10,0,107,88673.33333,,0,0,0,10,0,0,0,0,0,0,0,1,133,55,6454921e508a1eb061e6be0b,r:6454921e508a1eb061e6be0b,9-0,,,,
1343953040,40,432,11,9958,1,4,0,1,0,107,92661.66667,,11,7,1,3,0,0,0,0,0,0,0,2,100,52,6449f4b235154fed9e74bc9e,r:6449f4b235154fed9e74bc9e,Freestyle,,,,
1577663148,40,571,18,13091,4,4,0,1,0,102,133581.6667,,17,8,1,1,0,0,0,0,0,0,1,1,205,28,6422e4cfe9e8a206a1b684cc,r:6422e4cfe9e8a206a1b684cc,Freestyle,,,,
880811506,40,588,31,9320,1,3,0,1,0,103,113828.3333,,15,7,1,2,0,0,0,0,0,0,0,0,200,28,6326fb3e30818dceeaa44ec0,r:6326fb3e30818dceeaa44ec0,Freestyle,,,,
1604325268,41,420,8,9472,1,2,0,1,0,104,139150,,12,8,3,1,0,0,0,0,0,0,0,1,104,55,6364d7072cb6ed7f837ea37c,r:6364d7072cb6ed7f837ea37c,Freestyle,,,,
716885884,40,443,13,13152,2,2,0,7,0,105,122146.6667,,3,0,3,7,0,0,0,0,0,0,0,2,107,58,645699abcad39dab9b82d66e,r:645699abcad39dab9b82d66e,Mix,9-0,0-9,freestyle,
727538772,40,441,27,8968,1,4,0,0,0,107,115740,,27,5,1,0,0,0,0,0,0,0,0,0,88,62,64495017c0fad3659d91c2d0,r:64495017c0fad3659d91c2d0,Freestyle,,,,
1558114920,40,515,27,10476,1,3,0,2,0,105,116276.6667,,11,5,1,4,0,0,0,0,0,0,0,1,139,54,640e4567b507939b0a6c3841,r:640e4567b507939b0a6c3841,Mix,0-9,Freestyle,,
324386784,40,581,13,10828,2,5,0,3,0,104,83980,,8,8,0,4,0,0,0,0,0,0,0,0,204,30,6426915e04d95706bc7213c0,r:6426915e04d95706bc7213c0,Mix,9-0,Freestyle,,
414137871,42,616,23,12020,1,6,4,4,0,128,178936.6667,,13,5,1,4,0,0,0,0,0,0,0,0,195,57,643a2df23edd6bb773d1ae90,r:643a2df23edd6bb773d1ae90,Mix,Freestyle,9-0,,
1186588942,40,582,23,9332,1,2,0,1,0,103,144633.3333,,11,5,5,1,0,0,0,0,0,0,0,0,205,39,6453dd3c65d6430930c94b7a,r:6453dd3c65d6430930c94b7a,Freestyle,,,,
1305569373,40,445,18,10018,1,6,0,1,0,102,62916.66667,,8,11,2,1,0,0,0,0,0,0,0,0,115,42,6447e00d56877088c317c171,r:6447e00d56877088c317c171,2 wide,,,,
1190539307,40,453,7,11566,2,2,0,5,0,101,88013.33333,,14,3,0,5,0,0,0,0,0,0,0,0,142,37,64294489cf4508581d28feea,r:64294489cf4508581d28feea,Mix,0-9,Freestyle,,
389640371,40,582,19,9387,1,5,0,0,0,101,93620,,21,5,3,0,0,0,0,0,0,0,0,0,211,28,63c080076febf8cfd81befbe,r:63c080076febf8cfd81befbe,Freestyle,,,,
865400787,40,472,12,8916,1,3,0,0,0,103,101126.6667,,18,8,2,0,0,0,0,0,0,0,0,0,150,42,64048a96ad41309b2b066756,r:64048a96ad41309b2b066756,Freestyle,,,,
1071860829,40,431,11,9988,2,3,0,2,0,103,107400,,16,5,2,2,0,0,0,0,0,0,0,1,109,47,63e2963e69ace36d32a317f5,r:63e2963e69ace36d32a317f5,Freestyle,,,,
933205045,40,566,28,9768,1,3,0,2,0,101,93720,,17,6,1,2,0,0,0,0,0,0,0,3,202,31,6445f61735154fed9e72ccba,r:6445f61735154fed9e72ccba,Mix,0-9,Freestyle,,
1827423092,40,529,21,10352,2,4,0,1,0,109,130590,,14,7,0,3,0,0,0,0,0,0,0,0,161,44,644a412956877088c318ee77,r:644a412956877088c318ee77,Freestyle,,,,
835847829,40,559,9,9460,2,3,0,0,0,102,101236.6667,,16,6,4,0,0,0,0,0,0,0,0,0,230,21,63fee5e481abac9b335e0bca,r:63fee5e481abac9b335e0bca,Freestyle,,,,
1363444696,40,540,10,16121,1,3,0,0,1,102,107570,,27,5,1,0,0,1,0,0,0,0,2,2,189,33,6456442e508a1eb061e78695,r:6456442e508a1eb061e78695,Freestyle,,,,
1143757470,40,445,13,10344,1,2,0,2,0,101,112050,,3,4,3,5,0,0,0,0,0,0,0,2,127,49,642cb097c7bb035804872322,r:642cb097c7bb035804872322,9-0,,,,
1705597666,40,441,23,9972,1,4,0,1,1,102,203233.3333,,18,6,0,2,0,0,0,0,1,0,0,3,88,64,64551f44f5ee1cc26205af7d,r:64551f44f5ee1cc26205af7d,Freestyle,,,,
172914882,40,425,5,9328,1,3,0,0,0,106,99775,,18,8,2,0,0,0,0,0,0,0,0,1,114,51,63fd21eb81abac9b335d687c,r:63fd21eb81abac9b335d687c,Freestyle,,,,
452472397,40,418,16,9353,1,3,0,1,0,106,101600,,19,5,1,2,0,0,0,0,0,0,0,2,98,59,6455dad465d6430930ca3b1f,r:6455dad465d6430930ca3b1f,Freestyle,,,,
688827016,40,387,2,9739,1,3,0,1,0,110,93108.33333,,8,3,6,2,0,0,0,0,0,0,0,1,68,71,6432cd766cdce157f62899df,r:6432cd766cdce157f62899df,Freestyle,,,,
1455241988,40,424,13,10148,1,4,0,2,0,106,171105,,14,5,0,4,0,0,0,0,0,0,0,0,98,66,6307f87029db433b0160215b,r:6307f87029db433b0160215b,Freestyle,,,,
708735223,40,584,16,9009,1,3,0,1,0,109,137590,,23,5,1,1,0,0,0,0,0,0,0,1,190,35,63cc8e01e1882f6d0a873c5e,r:63cc8e01e1882f6d0a873c5e,Freestyle,,,,
68578160,41,361,4,9584,2,2,0,1,0,104,78406.66667,,21,5,2,1,0,0,0,0,0,0,0,1,69,70,63d4d4758a093e6d2d9e6fed,r:63d4d4758a093e6d2d9e6fed,Freestyle,,,,
135082772,41,405,1,9470,1,2,0,1,0,103,116156.6667,,18,5,3,1,0,0,0,0,0,0,0,4,115,58,643d0092e756836e237e9df6,r:643d0092e756836e237e9df6,Freestyle,,,,
1809365590,42,1061,0,9186,1,3,1,1,0,123,207265,,19,5,3,1,0,0,0,0,0,0,0,0,713,6,635305501aa72f8664dc4314,r:635305501aa72f8664dc4314,Freestyle,,,,
1229867095,42,675,9,9932,1,2,0,2,0,118,203160,,10,9,2,2,0,0,0,0,0,0,0,0,280,32,64087fdaec2f099b3a57e001,r:64087fdaec2f099b3a57e001,Freestyle,,,,
892912786,41,639,30,10384,5,6,0,1,0,121,171933.3333,,10,7,3,2,0,0,0,0,0,0,0,0,171,47,642acaa219b9aa580ef8ae36,r:642acaa219b9aa580ef8ae36,Freestyle,,,,
1012215163,40,513,16,8866,1,3,0,1,0,107,106930,,34,1,0,1,0,0,0,0,0,0,0,3,148,55,64303ef319b9aa580efb0d89,r:64303ef319b9aa580efb0d89,Freestyle,,,,
218275571,40,530,,11594,1,4,0,3,0,102,112040,,14,3,0,5,0,0,0,0,0,0,0,0,201,32,614f37893d6fdb44cecc1344,r:614f37893d6fdb44cecc1344,Freestyle,,,,
1420399072,40,530,12,9720,2,4,0,1,0,103,117316.6667,,19,5,1,2,0,0,0,0,0,0,0,2,192,43,644130a727ee40a5855fc0be,r:644130a727ee40a5855fc0be,Freestyle,,,,
1023791468,40,405,9,9280,1,2,0,0,0,106,65765,,20,7,2,0,0,0,0,0,0,0,0,0,84,62,64517b3465d6430930c81f59,r:64517b3465d6430930c81f59,Freestyle,,,,
1093564776,40,559,16,8771,2,4,0,0,0,103,119086.6667,,30,5,0,0,0,0,0,0,0,0,0,1,192,29,63ff5b62ad41309b2b047a07,r:63ff5b62ad41309b2b047a07,Freestyle,,,,
221874007,40,394,8,8590,2,3,0,0,0,103,114806.6667,,30,5,0,0,0,0,0,0,0,0,0,0,98,54,63c4fc672ba1cccfecd99a7b,r:63c4fc672ba1cccfecd99a7b,Freestyle,,,,
984448480,40,416,30,11432,1,3,0,2,0,103,62516.66667,,6,2,2,6,0,0,0,0,0,0,0,0,83,61,640c49b7b507939b0a6b8272,r:640c49b7b507939b0a6b8272,Mix,9-0,Freestyle,,
1993874793,40,442,18,9752,2,6,0,1,0,101,114205,,14,6,2,2,0,0,0,0,0,0,0,1,107,49,6407ec6181abac9b33615e33,r:6407ec6181abac9b33615e33,Mix,2 Wide,Freestyle,,
2084678005,40,384,10,9830,2,5,0,1,0,101,82703.33333,,17,5,3,1,0,0,0,0,0,0,0,2,79,61,6453a7bef5ee1cc26204f538,r:6453a7bef5ee1cc26204f538,Mix,2 Wide,Freestyle,,
1069987426,40,575,16,9462,1,2,0,1,0,107,118040,,9,7,3,2,0,0,0,0,0,0,0,1,211,32,641754b940fed39b1eed1207,r:641754b940fed39b1eed1207,Freestyle,,,,
2043759121,40,448,15,12547,2,4,0,2,2,102,85153.33333,,8,2,4,3,0,0,0,0,2,0,0,4,124,48,640dac2581abac9b3363a176,r:640dac2581abac9b3363a176,Freestyle,,,,
720317321,41,703,11,8706,3,4,0,1,0,110,194365,,24,5,1,1,0,0,0,0,0,0,0,3,323,21,644fa49fcad39dab9b7f879e,r:644fa49fcad39dab9b7f879e,Freestyle,,,,
2039717436,40,398,5,9550,2,3,0,1,0,102,110980,,14,6,2,2,0,0,0,0,0,0,0,1,85,62,641a0038ad41309b2b0ea601,r:641a0038ad41309b2b0ea601,Freestyle,,,,
1735951155,40,438,8,9936,1,2,0,2,0,102,128051.6667,,17,4,1,3,0,0,0,0,0,0,0,0,123,48,643453f483fd1f580a5cecc7,r:643453f483fd1f580a5cecc7,Freestyle,,,,
547949014,40,592,16,10002,1,2,0,3,0,101,91790,,9,6,1,4,0,0,0,0,0,0,0,0,244,26,6370e333efc473f7c4facfa9,r:6370e333efc473f7c4facfa9,Mix,9-0,Freestyle,,
812908136,40,622,11,9330,2,4,0,1,0,101,154073.3333,,18,2,2,3,0,0,0,0,0,0,0,2,294,18,640567a2cdbd97a46da92bfc,r:640567a2cdbd97a46da92bfc,Freestyle,,,,
1963826210,40,434,4,9184,1,4,0,1,0,105,98683.33333,,23,5,1,1,0,0,0,0,0,0,0,5,139,42,641a16b99ed8697a6a54a8ec,r:641a16b99ed8697a6a54a8ec,Freestyle,,,,
1407389604,40,590,23,12500,2,3,0,5,0,112,137826.6667,,5,4,1,6,0,0,0,0,0,0,0,1,210,40,63f56fdfec2f099b3a50d96f,r:63f56fdfec2f099b3a50d96f,Freestyle,,,,
2000388612,40,395,13,10938,1,10,0,1,0,104,65156.66667,,17,8,1,1,0,0,0,0,0,0,0,1,84,59,64554445c168111ad2e0c3d8,r:64554445c168111ad2e0c3d8,3 Wide,,,,
869373202,41,613,8,9265,1,3,0,0,0,108,159473.3333,,24,7,1,0,0,0,0,0,0,0,0,0,264,20,645336200a68d94999f2787d,r:645336200a68d94999f2787d,Freestyle,,,,
219471512,41,419,5,11478,1,3,2,3,0,105,165813.3333,,5,2,0,8,0,0,0,0,0,0,0,2,101,65,642dc8d885f1735820af9ec0,r:642dc8d885f1735820af9ec0,9-0,,,,
1671205540,41,745,17,11316,1,7,1,2,0,118,138821.6667,,10,4,1,5,0,0,0,0,0,0,0,1,321,24,643fd2775052179ff0f2cf6f,r:643fd2775052179ff0f2cf6f,Mix,2 Wide,9-0,,
486750504,40,514,,8732,1,4,0,1,0,103,116841.6667,,20,3,2,2,0,0,0,0,0,0,0,1,199,26,60ad26790c819813652205c0,r:60ad26790c819813652205c0,Freestyle,,,,
1248285159,40,475,34,10702,6,6,0,1,0,106,111145,,14,6,2,2,0,0,0,0,0,0,0,0,99,68,643cca949e17f7a3b034475e,r:643cca949e17f7a3b034475e,2 Wide,,,,
2111655635,40,663,9,8728,1,3,0,0,0,107,153683.3333,,28,6,0,0,0,0,0,0,0,0,0,0,313,8,641c81b7dbe5737a6de4e0f5,r:641c81b7dbe5737a6de4e0f5,Freestyle,,,,
844192523,40,496,32,9699,3,3,0,1,0,102,100965,,12,7,2,2,0,0,0,0,0,0,0,0,130,46,642ac8a7cf4508581d299214,r:642ac8a7cf4508581d299214,Freestyle,,,,
838084491,40,498,20,10084,1,3,1,2,0,102,126670,,12,3,2,4,0,0,0,0,0,0,0,3,133,42,64461e9644b3865c688a86ed,r:64461e9644b3865c688a86ed,Mix,9-0,Freestyle,,
1481199819,40,520,9,9238,1,3,0,0,0,108,189371.6667,,19,9,1,0,0,0,0,0,0,0,0,0,160,42,620a7d67767e548aba0ec588,r:620a7d67767e548aba0ec588,Freestyle,,,,
62267804,40,347,2,8804,1,3,0,0,0,103,117205,,19,9,1,0,0,0,0,0,0,0,0,0,63,73,636f2cf51461d5f7a2536946,r:636f2cf51461d5f7a2536946,Freestyle,,,,
514532,40,579,11,8695,1,2,0,0,0,104,102831.6667,,16,6,4,0,0,0,0,0,0,0,0,0,225,23,628658923fd82c068e5ae369,r:628658923fd82c068e5ae369,Freestyle,,,,
218035263,40,521,1,8314,2,2,0,1,0,118,157801.6667,,15,9,1,1,0,0,0,0,0,0,0,0,177,52,64180161ec2f099b3a5dbf46,r:64180161ec2f099b3a5dbf46,Freestyle,,,,
1805828814,40,458,7,10680,1,3,0,3,0,106,117976.6667,,9,5,3,3,0,0,0,0,0,0,0,0,148,52,6432aa8f6cdce157f62885fc,r:6432aa8f6cdce157f62885fc,Freestyle,,,,
422410624,40,434,11,11890,3,3,0,5,0,101,96700,,5,1,3,6,0,0,0,0,0,0,0,2,112,49,6450f7050a68d94999f1656b,r:6450f7050a68d94999f1656b,9-0,,,,
1038511899,40,570,20,10074,3,4,0,2,0,108,127485,,13,6,1,3,0,0,0,0,0,0,0,0,202,42,61d26bf7e66d5e54bd69ef6f,r:61d26bf7e66d5e54bd69ef6f,Freestyle,,,,
846333345,40,554,10,11898,1,3,0,3,0,103,136543.3333,,6,3,0,7,0,0,0,0,0,0,0,0,231,37,644f3181508a1eb061e42d34,r:644f3181508a1eb061e42d34,Mix,0-9,Freestyle,,
2069566546,40,518,2,9069,1,2,0,0,0,105,133550,,16,6,4,0,0,0,0,0,0,0,0,0,186,34,62cee5eb2b510cce05e31132,r:62cee5eb2b510cce05e31132,Freestyle,,,,
1951667870,40,430,4,8798,2,2,0,1,0,104,101556.6667,,22,7,0,1,0,0,0,0,0,0,0,1,145,42,640b3116b507939b0a6b1371,r:640b3116b507939b0a6b1371,Freestyle,,,,
1373009301,41,530,28,9424,2,2,0,1,0,107,102798.3333,,15,8,2,1,0,0,0,0,0,0,0,2,149,43,64491949d133a913b12a9454,r:64491949d133a913b12a9454,Freestyle,,,,
1403124914,40,526,7,9718,2,2,0,1,0,101,143606.6667,,12,5,2,3,0,0,0,0,0,0,0,1,214,37,64444587c0fad3659d8f679d,r:64444587c0fad3659d8f679d,Freestyle,,,,
965940930,40,487,7,8996,1,2,0,1,0,103,140533.3333,,21,4,1,2,0,0,0,0,0,0,0,0,160,36,63e79be196fc8b6d0440dde5,r:63e79be196fc8b6d0440dde5,Freestyle,,,,
1367262814,40,546,23,9721,2,3,0,1,0,105,105220,,19,3,1,3,0,0,0,0,0,0,0,2,170,36,64062e3dcdbd97a46da97b4c,r:64062e3dcdbd97a46da97b4c,Freestyle,,,,
633230512,40,381,10,12148,2,2,0,4,0,102,85255,,6,3,0,7,0,0,0,0,0,0,0,1,77,63,643d502e4eab3ebe33a33763,r:643d502e4eab3ebe33a33763,9-0,,,,
1728146042,40,606,14,14814,1,1,10,10,0,102,130498.3333,,0,0,0,10,0,0,0,0,0,0,0,1,258,10,6432467785f1735820b180ea,r:6432467785f1735820b180ea,9-0,,,,
1009148919,40,536,29,9718,1,3,0,1,0,108,100970,,16,7,2,1,0,0,0,0,0,0,0,0,141,48,643af8eee1a26388c0f47751,r:643af8eee1a26388c0f47751,Freestyle,,,,
1839435459,40,493,21,10390,1,3,1,2,0,109,102631.6667,,18,3,0,4,0,0,0,0,0,0,0,0,124,46,6424c35e1599c706a796d2cc,r:6424c35e1599c706a796d2cc,Freestyle,,,,
255755978,40,391,11,10162,1,7,0,1,0,102,79930,,14,5,4,1,0,0,0,0,0,0,0,2,80,66,6407dc2740fed39b1ee72056,r:6407dc2740fed39b1ee72056,Mix,2 Wide,Freestyle,,
2115315706,40,451,21,14524,1,1,10,10,0,105,114700,,0,0,0,10,0,0,0,0,0,0,0,1,116,52,644cc7f09dc84a7aa3c3583b,r:644cc7f09dc84a7aa3c3583b,9-0,,,,
715834346,40,683,23,9168,4,4,0,1,0,106,201173.3333,,9,9,3,1,0,0,0,0,0,0,0,0,275,22,63f705375977d89b10d39107,r:63f705375977d89b10d39107,Freestyle,,,,
1811101593,40,493,4,9753,3,3,0,1,0,103,141628.3333,,16,3,2,3,0,0,0,0,0,0,0,0,179,34,644ae50b8a84dfa2a2cac605,r:644ae50b8a84dfa2a2cac605,Freestyle,,,,
872447220,40,487,28,12129,1,3,0,2,2,102,96383.33333,,16,6,1,1,0,0,0,0,1,1,0,1,121,48,643cc335e756836e237e841d,r:643cc335e756836e237e841d,Freestyle,,,,
218933488,40,523,18,10140,1,4,0,2,0,102,120800,,15,5,1,3,0,0,0,0,0,0,0,1,175,34,6360e633829ca10bc33c42ed,r:6360e633829ca10bc33c42ed,Freestyle,,,,
588753117,40,634,19,9604,1,4,0,0,0,114,142626.6667,,15,8,3,0,0,0,0,0,0,0,0,0,239,27,6415844eb507939b0a6f09c9,r:6415844eb507939b0a6f09c9,Freestyle,,,,
1094006212,40,438,12,11985,1,2,1,5,0,104,147941.6667,,0,3,2,7,0,0,0,0,0,0,0,1,104,53,63f89490b507939b0a6433cb,r:63f89490b507939b0a6433cb,0-9,,,,
412778744,40,425,14,13038,2,3,0,7,0,103,115240,,4,2,0,8,0,0,0,0,0,0,0,1,97,57,6391ff7db674976702ad844f,r:6391ff7db674976702ad844f,9-0,,,,
419313603,40,631,14,10810,1,3,0,4,0,108,175291.6667,,11,5,1,4,0,0,0,0,0,0,0,0,246,25,63e8ee6e3554bd8ecabe000c,r:63e8ee6e3554bd8ecabe000c,Mix,0-9,Freestyle,,
214007369,40,450,8,10514,1,3,0,2,0,106,98838.33333,,5,4,5,3,0,0,0,0,0,0,0,5,113,54,643bd2aee756836e237e1fca,r:643bd2aee756836e237e1fca,Freestyle,,,,
366375650,40,464,25,9185,1,5,0,0,0,104,139166.6667,,20,7,2,0,0,0,0,0,0,0,0,0,121,50,640324a3ad41309b2b05e99e,r:640324a3ad41309b2b05e99e,Freestyle,,,,
896928648,40,461,6,10079,1,4,0,2,0,106,98470,,8,7,2,3,0,0,0,0,0,0,0,1,141,49,63f1cd3fec2f099b3a4f9d44,r:63f1cd3fec2f099b3a4f9d44,Freestyle,,,,
2016369276,40,449,17,10910,1,2,0,3,0,102,93356.66667,,9,4,1,5,0,0,0,0,0,0,0,0,110,52,645166cd54481fd487d5669d,r:645166cd54481fd487d5669d,Freestyle,,,,
266278429,40,409,12,8838,1,3,0,0,0,104,112308.3333,,28,3,2,0,0,0,0,0,0,0,0,3,91,55,642a600c83fd1f580a58b323,r:642a600c83fd1f580a58b323,Freestyle,,,,
458983189,40,470,16,10854,1,3,0,3,0,102,100835,,9,8,1,3,0,0,0,0,0,0,0,1,118,49,64516b7d41655062abd66b8f,r:64516b7d41655062abd66b8f,Freestyle,,,,
1313515598,40,561,7,9975,1,3,0,2,0,110,192228.3333,,13,6,1,3,0,0,0,0,0,0,0,0,243,28,61768d816b7ec5548edd60bf,r:61768d816b7ec5548edd60bf,Freestyle,,,,
35188452,40,594,21,8746,1,3,0,2,0,121,153705,,26,0,2,2,0,0,0,0,0,0,0,0,167,43,63fdcf4b2a57039b17cd2412,r:63fdcf4b2a57039b17cd2412,Freestyle,,,,
485014230,40,730,19,11753,1,3,0,2,0,109,120988.3333,,7,1,1,7,0,0,0,0,0,0,0,0,337,9,63ffe357ad41309b2b04ae4e,r:63ffe357ad41309b2b04ae4e,9-0,,,,
1451372943,41,425,0,11724,1,2,0,2,0,113,108078.3333,,4,2,3,6,0,0,0,0,0,0,0,0,104,64,645782c5cad39dab9b832fe7,r:645782c5cad39dab9b832fe7,Mix,9-0,Freestyle,,
1975400607,40,471,18,8753,1,3,0,0,0,104,122633.3333,,25,6,1,0,0,0,0,0,0,0,0,0,115,56,643e04ca4eab3ebe33a38c09,r:643e04ca4eab3ebe33a38c09,Freestyle,,,,
197649547,40,604,24,8652,1,3,0,0,0,104,141661.6667,,30,2,2,0,0,0,0,0,0,0,0,0,215,31,640669a7cdbd97a46da98e18,r:640669a7cdbd97a46da98e18,Freestyle,,,,
483297558,40,563,11,9803,2,2,0,2,0,103,101633.3333,,15,4,3,2,0,0,0,0,0,0,0,2,220,31,635219f5a728832809a63960,r:635219f5a728832809a63960,Freestyle,,,,
812535974,40,590,15,8714,1,3,0,1,0,107,172350,,17,8,1,1,0,0,0,0,0,0,0,0,198,38,6455e26b508a1eb061e75ad9,r:6455e26b508a1eb061e75ad9,Freestyle,,,,
988380596,40,508,21,10202,2,8,0,1,0,104,138960,,19,5,1,2,0,0,0,0,0,0,0,1,155,46,642706f288e4f506ad7b00b0,r:642706f288e4f506ad7b00b0,Mix,2 wide,Freestyle,,
1814430262,40,463,17,9296,1,3,0,0,0,104,94005,,20,7,2,0,0,0,0,0,0,0,0,0,118,47,624c4bf5ecad38a39b76b8c6,r:624c4bf5ecad38a39b76b8c6,Freestyle,,,,
1670827294,40,457,19,10840,1,7,0,2,0,104,129700,,15,5,1,3,0,0,0,0,0,0,0,1,108,55,64492dca44b3865c688c020c,r:64492dca44b3865c688c020c,Freestyle,,,,
38673801,40,473,9,9086,1,3,0,1,0,102,106000,,16,7,2,1,0,0,0,0,0,0,0,0,158,41,641d12a29ed8697a6a55d239,r:641d12a29ed8697a6a55d239,Freestyle,,,,
2100092421,41,617,,9566,1,3,1,1,0,105,174670,,19,4,2,2,0,0,0,0,0,0,0,1,310,16,6145c2403d6fdb44cec906c9,r:6145c2403d6fdb44cec906c9,Freestyle,,,,
942899622,40,454,22,9368,1,2,0,1,0,110,139491.6667,,22,4,2,1,0,0,0,0,0,0,0,0,86,65,6418d16bec2f099b3a5e159d,r:6418d16bec2f099b3a5e159d,Freestyle,,,,
206342165,42,476,0,14496,1,2,2,7,0,111,125441.6667,,1,1,1,9,0,0,0,0,0,0,0,1,140,41,643be8674eab3ebe33a292cf,r:643be8674eab3ebe33a292cf,9-0,,,,
153137286,40,844,10,8222,1,3,0,1,0,126,203823.3333,,12,9,2,1,0,0,0,0,0,0,0,0,377,14,6421c01fdbe5737a6de6e55c,r:6421c01fdbe5737a6de6e55c,Freestyle,,,,
624277201,40,719,16,9010,1,2,0,1,0,117,177683.3333,,14,8,2,1,0,0,0,0,0,0,0,1,276,33,6421e9e672059e7a4e3af342,r:6421e9e672059e7a4e3af342,Freestyle,,,,
678033176,40,669,16,8622,3,3,0,0,0,108,144148.3333,,36,2,0,0,0,0,0,0,0,0,0,1,286,23,642de5ac1a881857fdd9ebde,r:642de5ac1a881857fdd9ebde,Freestyle,,,,
866868481,40,586,19,12732,1,5,0,3,2,107,148918.3333,,18,5,1,1,0,0,0,0,1,1,0,0,190,39,63e2db098a093e6d2da3638f,r:63e2db098a093e6d2da3638f,Mix,0-9,Freestyle,,
1404926208,40,498,8,10278,2,2,0,2,0,102,106550,,10,4,2,4,0,0,0,0,0,0,0,0,160,37,6435e35020fb39927606fd46,r:6435e35020fb39927606fd46,Freestyle,,,,
1097900897,40,446,6,9074,1,3,0,1,0,102,87753.33333,,25,4,1,1,0,0,0,0,0,0,0,1,140,40,6449d2ce35154fed9e74abb3,r:6449d2ce35154fed9e74abb3,Freestyle,,,,
1462591617,40,518,15,8630,2,3,0,0,0,101,112303.3333,,22,9,0,0,0,0,0,0,0,0,0,0,175,39,641391c6b507939b0a6e4aba,r:641391c6b507939b0a6e4aba,Freestyle,,,,
782411965,40,377,5,9082,2,4,0,1,0,103,126411.6667,,20,8,0,1,0,0,0,0,0,0,0,0,71,66,63009e4e29db433b015dbe37,r:63009e4e29db433b015dbe37,Freestyle,,,,
1011819112,40,467,5,10064,1,2,0,2,0,102,167666.6667,,14,4,2,3,0,0,0,0,0,0,0,0,158,39,6450e2ecc168111ad2dea001,r:6450e2ecc168111ad2dea001,Freestyle,,,,
497370939,40,499,7,12198,1,3,0,7,0,103,129771.6667,,6,3,0,7,0,0,0,0,0,0,0,1,159,36,6442371a8b18b8aa99ff7334,r:6442371a8b18b8aa99ff7334,Freestyle,,,,
880613866,40,453,26,9866,1,3,0,1,0,110,101603.3333,,7,5,5,2,0,0,0,0,0,0,0,0,87,64,617a67fbfec428eb79f22793,r:617a67fbfec428eb79f22793,Freestyle,,,,
898300349,40,514,9,9346,2,2,0,1,0,101,134726.6667,,13,4,5,1,0,0,0,0,0,0,0,1,208,31,6414877c81abac9b3366478e,r:6414877c81abac9b3366478e,Freestyle,,,,
504179562,40,695,0,8080,1,2,0,0,0,123,166808.3333,,28,6,0,0,0,0,0,0,0,0,0,0,341,18,63d48b0a96fc8b6d043a4027,r:63d48b0a96fc8b6d043a4027,Freestyle,,,,
1932593912,40,513,6,10884,1,2,1,4,0,103,147090,,6,2,2,6,0,0,0,0,0,0,0,0,207,39,63e99ca15977d89b10cecf03,r:63e99ca15977d89b10cecf03,Freestyle,,,,
1859519768,41,468,5,10630,2,3,0,2,0,106,116388.3333,,9,2,4,4,0,0,0,0,0,0,0,2,145,53,62ac8cd739ac6ece0c785057,r:62ac8cd739ac6ece0c785057,Mix,9-0,Freestyle,,
711239414,40,641,12,10222,1,4,0,1,0,112,185010,,6,6,2,4,0,0,0,0,0,0,0,3,247,34,6456a28ac168111ad2e15de4,r:6456a28ac168111ad2e15de4,Freestyle,,,,
620042943,40,547,14,10082,5,5,0,1,0,104,102370,,16,3,2,3,0,0,0,0,0,0,0,0,209,31,64418f9a251f62ec779e32ca,r:64418f9a251f62ec779e32ca,Freestyle,,,,
780866675,40,555,5,9350,1,3,0,1,0,102,170100,,11,9,1,2,0,0,0,0,0,0,0,3,253,28,64454f7e56877088c3168a4d,r:64454f7e56877088c3168a4d,Freestyle,,,,
1589299149,42,545,7,9387,1,2,1,1,0,112,253256.6667,,11,10,1,2,0,0,0,0,0,0,0,1,201,45,6388f90c904848108142d2be,r:6388f90c904848108142d2be,Freestyle,,,,
1264135809,40,512,2,8324,2,2,0,0,0,108,142165,,34,3,0,0,0,0,0,0,0,0,0,0,192,40,644e7acd0a68d94999f0496d,r:644e7acd0a68d94999f0496d,Freestyle,,,,
728193008,41,427,12,8675,2,3,0,0,0,105,191278.3333,,25,5,2,0,0,0,0,0,0,0,0,1,93,58,644e935e508a1eb061e3f06f,r:644e935e508a1eb061e3f06f,Freestyle,,,,
2031418350,40,398,0,10168,1,2,0,2,0,108,97081.66667,,10,8,2,2,0,0,0,0,0,0,0,0,100,57,6328b9a2f9f274cf199a5fd8,r:6328b9a2f9f274cf199a5fd8,Freestyle,,,,
1946726720,40,399,4,8491,2,3,0,0,0,107,125376.6667,,24,5,2,0,0,0,0,0,0,0,0,0,93,58,64456e9e35154fed9e72989a,r:64456e9e35154fed9e72989a,Freestyle,,,,
2096986239,40,582,7,9694,1,2,0,1,0,116,137525,,10,10,2,1,0,0,0,0,0,0,0,2,223,34,641fc04f9ed8697a6a56db34,r:641fc04f9ed8697a6a56db34,Freestyle,,,,
1026219815,40,598,17,8908,1,2,0,1,0,108,161433.3333,,23,5,1,1,0,0,0,0,0,0,0,0,243,28,64425b7bc0fad3659d8e7cd0,r:64425b7bc0fad3659d8e7cd0,Freestyle,,,,
591286045,40,695,15,8819,1,3,0,0,0,103,215951.6667,,12,8,4,0,0,0,0,0,0,0,0,0,301,18,643a48d2d104e8c4d97686fd,r:643a48d2d104e8c4d97686fd,Freestyle,,,,
349613200,40,662,37,8600,1,3,0,0,0,113,178915,,34,3,0,0,0,0,0,0,0,0,0,0,182,33,6442c9c1c320444993e4ee05,r:6442c9c1c320444993e4ee05,Freestyle,,,,
1261184435,40,578,4,8992,1,3,0,0,0,116,123591.6667,,26,7,0,0,0,0,0,0,0,0,0,0,232,30,644e49850a68d94999f031b7,r:644e49850a68d94999f031b7,Freestyle,,,,
1022874014,40,458,20,14506,1,2,10,10,0,106,81678.33333,,0,0,0,10,0,0,0,0,0,0,0,2,125,52,6317f481f8fb773afa84b3a6,r:6317f481f8fb773afa84b3a6,9-0,,,,
354706727,42,685,11,13064,1,2,0,8,0,112,204996.6667,,2,1,2,8,0,0,0,0,0,0,0,0,300,27,63fe17195977d89b10d61b98,r:63fe17195977d89b10d61b98,9-0,,,,
2041587090,40,524,5,10289,1,3,0,2,1,109,119005,,15,3,1,4,0,1,0,0,0,0,0,0,195,37,6457b124508a1eb061e82711,r:6457b124508a1eb061e82711,Freestyle,,,,
597154528,40,488,8,10876,1,1,1,3,0,119,228411.6667,,0,4,4,5,0,0,0,0,0,0,0,2,132,63,62d7fc7b39ac6ece0c89ab64,r:62d7fc7b39ac6ece0c89ab64,Mix,Freestyle,9-0,,
1094138790,40,642,0,8712,1,2,0,0,0,107,188736.6667,,18,8,2,0,0,0,0,0,0,0,0,0,327,18,63be4e1b6febf8cfd81b1b2a,r:63be4e1b6febf8cfd81b1b2a,Freestyle,,,,
645776157,40,569,14,9422,3,3,0,1,0,102,89355,,20,5,2,1,0,0,0,0,0,0,0,0,229,19,644649e5c320444993e67262,r:644649e5c320444993e67262,Freestyle,,,,
1318190367,40,546,6,9762,1,3,0,1,0,111,110395,,16,5,2,2,0,0,0,0,0,0,0,0,202,32,644fd261f5ee1cc26203227f,r:644fd261f5ee1cc26203227f,Freestyle,,,,
798798394,40,796,1,8366,1,2,0,0,0,107,227783.3333,,27,5,1,0,0,0,0,0,0,0,0,0,473,5,642c93a0cf4508581d2a58fa,r:642c93a0cf4508581d2a58fa,Freestyle,,,,
1892397534,41,497,7,9963,1,3,0,1,0,104,135858.3333,,14,6,1,3,0,0,0,0,0,0,0,0,162,33,643b0f5b3d7b34fa9859a44b,r:643b0f5b3d7b34fa9859a44b,Freestyle,,,,
931101271,40,621,18,14200,1,2,10,10,0,111,166590,,0,0,0,10,0,0,0,0,0,0,0,1,231,30,643ea969921ce0242bb93bc5,r:643ea969921ce0242bb93bc5,9-0,,,,
300327913,40,379,,9548,2,3,0,1,0,104,110628.3333,,14,8,2,1,0,0,0,0,0,0,0,0,83,58,6106e64e71a0995aae0c04e6,r:6106e64e71a0995aae0c04e6,Freestyle,,,,
1030045489,40,469,7,9056,1,4,0,0,0,107,89173.33333,,29,4,1,0,0,0,0,0,0,0,0,0,131,54,6375d3ad6eaebe3131da5f0d,r:6375d3ad6eaebe3131da5f0d,,,,,
187139299,40,584,10,9525,1,2,0,2,0,117,190563.3333,,15,7,1,2,0,0,0,0,0,0,0,2,195,42,64437adf35154fed9e71b5b3,r:64437adf35154fed9e71b5b3,,,,,
1852278060,40,598,19,10509,1,3,0,2,0,103,126803.3333,,10,4,2,4,0,0,0,0,0,0,0,0,217,29,64343edb19b9aa580efcc329,r:64343edb19b9aa580efcc329,,,,,
31583966,40,535,6,8958,1,3,0,1,0,101,187541.6667,,18,6,2,1,0,0,0,0,0,0,0,3,219,28,642f64c3c7bb0358048848d7,r:642f64c3c7bb0358048848d7,,,,,
1758561603,40,548,0,8999,1,3,0,1,0,106,130441.6667,,21,6,1,1,0,0,0,0,0,0,0,0,229,24,62d94badbedcc4c16b432acd,r:62d94badbedcc4c16b432acd,,,,,
944060991,40,412,6,10664,1,2,0,3,0,107,134333.3333,,9,3,3,4,0,0,0,0,0,0,0,0,105,48,6363d8e2358e137fa16134e7,r:6363d8e2358e137fa16134e7,,,,,
72535664,40,449,9,9404,3,4,0,1,0,104,124215,,12,9,2,1,0,0,0,0,0,0,0,0,130,55,644b0cff1c93aebc3027098c,r:644b0cff1c93aebc3027098c,,,,,
676393004,40,608,7,9092,1,3,0,1,0,103,176103.3333,,15,6,3,1,0,0,0,0,0,0,0,1,270,15,6432654e19b9aa580efbec52,r:6432654e19b9aa580efbec52,,,,,
380495385,40,580,11,8784,1,5,0,0,0,111,144675,,25,3,3,0,0,0,0,0,0,0,0,0,204,39,63d5a252e1882f6d0a8a5e39,r:63d5a252e1882f6d0a8a5e39,,,,,
839299973,41,607,4,10598,1,4,0,2,0,105,108870,,9,7,2,3,0,0,0,0,0,0,0,0,271,13,64021f7081abac9b335f417b,r:64021f7081abac9b335f417b,,,,,
1181254149,40,656,10,8907,1,4,0,0,0,102,164111.6667,,20,7,2,0,0,0,0,0,0,0,0,0,310,17,62ff80245a84da3b21b28007,r:62ff80245a84da3b21b28007,,,,,
1566659647,40,374,15,9435,1,4,0,1,1,102,170231.6667,,24,4,1,1,0,0,1,0,0,0,0,9,68,73,643fbab55290461b4c182e9b,r:643fbab55290461b4c182e9b,,,,,
64925877,40,474,2,10618,1,2,0,2,0,105,212305,,4,2,4,5,0,0,0,0,0,0,0,1,160,49,64119e1c40fed39b1eead865,r:64119e1c40fed39b1eead865,,,,,
1476013218,40,528,4,9296,2,3,0,1,0,104,149758.3333,,13,3,3,3,0,0,0,0,0,0,0,1,208,27,641b39fc788f9a7a605029c6,r:641b39fc788f9a7a605029c6,,,,,
1228824546,40,669,2,9052,1,3,0,0,0,103,116943.3333,,17,7,3,0,0,0,0,0,0,0,0,0,349,4,645317d0cad39dab9b812d6b,r:645317d0cad39dab9b812d6b,,,,,
852159247,40,447,8,9770,2,3,0,2,0,101,76335,,21,4,1,2,0,0,0,0,0,0,0,0,125,40,63c99063dc4f9dcfe53a0ebd,r:63c99063dc4f9dcfe53a0ebd,,,,,
321258065,40,507,15,7997,1,3,0,0,0,102,173260,,34,3,0,0,0,0,0,0,0,0,0,0,138,42,63db9a518a093e6d2da0d459,r:63db9a518a093e6d2da0d459,,,,,
385754654,41,529,12,13621,1,3,0,8,0,116,191086.6667,,3,3,0,8,0,0,0,0,0,0,0,0,146,49,63c1e9196febf8cfd81c73ac,r:63c1e9196febf8cfd81c73ac,,,,,
354188626,41,457,0,9183,1,4,0,1,0,104,146075,,24,5,1,1,0,0,0,0,0,0,0,0,153,39,62cce508bf6ce5ce2e9465d8,r:62cce508bf6ce5ce2e9465d8,,,,,
1597952157,41,436,10,9934,1,2,0,1,0,104,127590,,9,7,2,3,0,0,0,0,0,0,0,3,109,55,63dab44c63226d6d11721d2c,r:63dab44c63226d6d11721d2c,,,,,
1454579446,40,488,4,9056,2,2,0,1,0,106,171250,,21,6,1,1,0,0,0,0,0,0,0,1,174,41,64527fc7508a1eb061e5c34c,r:64527fc7508a1eb061e5c34c,,,,,
796947428,40,677,0,8919,2,4,0,1,0,114,190265,,23,5,1,1,0,0,0,0,0,0,0,0,348,21,6158c52a70ca08f9e213a503,r:6158c52a70ca08f9e213a503,,,,,
568821899,40,507,0,8990,1,5,0,0,0,110,155295,,29,4,1,0,0,0,0,0,0,0,0,2,195,35,6264e10b75b8c20fe8f2d524,r:6264e10b75b8c20fe8f2d524,,,,,
686139043,40,523,1,9494,2,2,0,1,0,101,124323.3333,,11,7,1,3,0,0,0,0,0,0,0,0,222,29,6442d76fc320444993e4f626,r:6442d76fc320444993e4f626,,,,,
1893919273,40,414,0,8516,1,3,0,0,0,102,145550,,25,6,1,0,0,0,0,0,0,0,0,4,134,51,643bdaac155cea70d8341387,r:643bdaac155cea70d8341387,,,,,
765647943,40,550,4,8144,2,3,0,0,0,119,236235,,28,3,2,0,0,0,0,0,0,0,0,3,196,43,644b20ccfad5db9737eb989a,r:644b20ccfad5db9737eb989a,,,,,
38474729,40,508,4,12370,1,2,5,5,0,117,230558.3333,,4,2,0,8,0,0,0,0,0,0,0,2,148,57,63a47a9c099c853d12f8536f,r:63a47a9c099c853d12f8536f,,,,,
434971315,40,539,1,9429,2,2,0,1,0,104,172576.6667,,15,7,1,2,0,0,0,0,0,0,0,0,228,22,6347664e840b8fe69dcfe47e,r:6347664e840b8fe69dcfe47e,,,,,
31403008,41,550,13,9375,1,2,0,1,0,111,239066.6667,,8,10,3,1,0,0,0,0,0,0,0,3,198,43,64255573e9e8a206a1b78f6c,r:64255573e9e8a206a1b78f6c,,,,,
1998767510,40,521,4,9354,2,4,0,0,0,104,108001.6667,,11,10,3,0,0,0,0,0,0,0,0,0,201,18,640183be2a57039b17ce8471,r:640183be2a57039b17ce8471,,,,,
340832716,40,549,18,9614,1,3,0,1,0,112,187611.6667,,11,8,3,1,0,0,0,0,0,0,0,0,167,46,642bed7819b9aa580ef9252a,r:642bed7819b9aa580ef9252a,,,,,
1469574252,40,513,7,8914,1,4,0,0,0,104,132113.3333,,22,6,2,0,0,0,0,0,0,0,0,1,191,36,6457205541655062abd908dd,r:6457205541655062abd908dd,,,,,
1042996361,40,501,20,9064,1,2,0,1,0,105,178306.6667,,19,7,1,1,0,0,0,0,0,0,0,1,146,45,639a015c488eb1e07304d000,r:639a015c488eb1e07304d000,,,,,
378945861,41,554,,13240,2,2,4,4,0,108,186238.3333,,2,0,1,9,0,0,0,0,0,0,0,1,211,27,60b4197b60e29b136cf9f1f5,r:60b4197b60e29b136cf9f1f5,,,,,
838578834,41,529,3,9438,1,3,0,0,0,108,154900,,23,6,2,0,0,0,0,0,0,0,0,0,192,41,63dbf5b42c32d06d26bd1561,r:63dbf5b42c32d06d26bd1561,,,,,
1411580147,41,607,21,8982,2,5,0,0,0,107,147703.3333,,29,6,0,0,0,0,0,0,0,0,0,0,211,25,64143deab507939b0a6e8975,r:64143deab507939b0a6e8975,,,,,
1439292635,42,441,0,12854,1,3,0,6,0,109,168741.6667,,4,4,2,6,0,0,0,0,0,0,0,0,127,56,643ec3de7583c836e0b1741e,r:643ec3de7583c836e0b1741e,,,,,
911915864,40,535,13,10156,1,3,0,2,0,106,135280,,8,9,2,2,0,0,0,0,0,0,0,0,193,37,6451b1a265d6430930c83364,r:6451b1a265d6430930c83364,,,,,
293049549,40,831,1,8390,1,2,0,0,0,135,173353.3333,,22,6,2,0,0,0,0,0,0,0,0,0,416,11,64224f2d48adfa7a3e7e66f5,r:64224f2d48adfa7a3e7e66f5,,,,,
813146796,41,401,5,9956,1,4,0,1,0,105,110416.6667,,18,5,3,1,0,0,0,0,0,0,0,1,103,62,6452ebed54481fd487d610c4,r:6452ebed54481fd487d610c4,,,,,
1135081343,40,536,10,11587,1,3,0,5,0,106,212233.3333,,8,1,2,6,0,0,0,0,0,0,0,0,182,50,645526e50a68d94999f36d47,r:645526e50a68d94999f36d47,,,,,
21279875,42,462,0,9418,1,3,0,0,0,108,136515,,20,8,2,0,0,0,0,0,0,0,0,1,157,53,64522854f5ee1cc262043a77,r:64522854f5ee1cc262043a77,,,,,
1049780110,41,530,4,9076,2,3,0,1,0,106,150843.3333,,18,5,3,1,0,0,0,0,0,0,0,1,211,32,644d60cfe02cc676fdf8bb6f,r:644d60cfe02cc676fdf8bb6f,,,,,
803086395,40,797,13,8748,1,2,0,0,0,102,131123.3333,,24,5,2,0,0,0,0,0,0,0,0,0,428,2,641d75a672059e7a4e3926f6,r:641d75a672059e7a4e3926f6,,,,,
662981639,40,437,21,14100,1,8,0,2,3,102,89733.33333,,25,2,0,1,0,0,0,0,2,1,0,1,107,61,645085a40a68d94999f12f3b,r:645085a40a68d94999f12f3b,,,,,
1443377281,40,462,27,12595,1,3,0,5,0,104,90098.33333,,4,2,0,8,0,0,0,0,0,0,0,0,94,62,63747bbe90ed7b3160ae24bb,r:63747bbe90ed7b3160ae24bb,,,,,
800000367,40,466,4,9244,2,3,0,1,0,102,97373.33333,,19,4,3,1,0,0,0,0,0,0,0,0,156,41,640b903481abac9b3362e15b,r:640b903481abac9b3362e15b,,,,,
2102038185,40,566,34,10054,1,3,0,3,0,114,98016.66667,,23,1,1,3,0,0,0,0,0,0,0,0,148,51,6424997a04d95706bc7143dd,r:6424997a04d95706bc7143dd,,,,,
1150555183,40,749,12,9344,1,3,0,1,0,105,198040,,20,6,0,2,0,0,0,0,0,0,0,0,390,7,6410927c81abac9b3364b6f1,r:6410927c81abac9b3364b6f1,,,,,
955506178,40,501,11,9678,1,3,0,1,0,102,143316.6667,,19,2,3,2,0,0,0,0,0,0,0,0,176,41,645339730a68d94999f27a17,r:645339730a68d94999f27a17,,,,,
700462730,40,505,10,9238,3,3,0,0,1,103,87561.66667,,26,4,2,0,0,1,0,0,0,0,0,2,157,36,64525dc7508a1eb061e5abfc,r:64525dc7508a1eb061e5abfc,,,,,
1237428583,40,775,7,9396,1,3,0,0,0,117,192011.6667,,13,9,3,0,0,0,0,0,0,0,0,0,396,18,642f0645c7bb03580488298e,r:642f0645c7bb03580488298e,,,,,
1738193735,40,692,9,9798,1,3,0,1,0,115,167983.3333,,8,7,2,3,0,0,0,0,0,0,0,0,315,24,635fd6da829ca10bc33be778,r:635fd6da829ca10bc33be778,,,,,
1866325543,40,584,19,10686,2,3,0,2,0,110,142361.6667,,8,7,2,3,0,0,0,0,0,0,0,3,189,32,63f79fe381abac9b335b77fc,r:63f79fe381abac9b335b77fc,,,,,
1240976751,40,472,1,10164,1,2,2,2,0,114,152208.3333,,12,4,0,5,0,0,0,0,0,0,0,1,141,55,6413489eb507939b0a6e2e72,r:6413489eb507939b0a6e2e72,,,,,
623374843,40,535,7,9716,1,4,0,2,0,115,144116.6667,,15,7,1,2,0,0,0,0,0,0,0,0,184,52,63f22b92b507939b0a61de5e,r:63f22b92b507939b0a61de5e,,,,,
1915245936,40,545,6,8726,1,2,0,1,0,120,243883.3333,,10,10,2,1,0,0,0,0,0,0,0,2,166,50,6443cdaa44b3865c6889854e,r:6443cdaa44b3865c6889854e,,,,,
63583908,40,443,12,9026,2,3,0,0,0,102,115420,,26,7,0,0,0,0,0,0,0,0,0,3,122,55,6453f93dc168111ad2e02d3f,r:6453f93dc168111ad2e02d3f,,,,,
1871540716,40,416,10,9794,1,5,0,1,0,104,140305,,15,9,1,1,0,0,0,0,0,0,0,3,87,63,6442a6a235154fed9e715ba5,r:6442a6a235154fed9e715ba5,,,,,
1137630868,40,676,18,9598,1,3,0,1,0,109,127411.6667,,11,6,3,2,0,0,0,0,0,0,0,0,302,24,6411be1fb507939b0a6d845b,r:6411be1fb507939b0a6d845b,,,,,
16626985,41,458,32,10136,2,3,0,1,0,108,79678.33333,,12,8,3,1,0,0,0,0,0,0,0,2,81,62,63e699cee1882f6d0a9058bc,r:63e699cee1882f6d0a9058bc,,,,,
1542409892,41,693,13,8832,1,2,0,1,0,126,236098.3333,,15,8,2,1,0,0,0,0,0,0,0,1,264,30,645502b9508a1eb061e6f0f2,r:645502b9508a1eb061e6f0f2,,,,,
1739605389,40,512,5,9254,2,3,0,1,0,103,109916.6667,,20,8,0,1,0,0,0,0,0,0,0,0,197,29,640b56c340fed39b1ee88675,r:640b56c340fed39b1ee88675,,,,,
1462493935,40,430,1,9466,1,1,0,1,0,102,117868.3333,,9,9,3,1,0,0,0,0,0,0,0,0,134,48,63b37af745b76b098cdb09fa,r:63b37af745b76b098cdb09fa,,,,,
1575774569,41,522,0,9420,1,2,0,1,0,111,199050,,16,7,1,2,0,0,0,0,0,0,0,0,205,35,63effc6dad41309b2bff0a77,r:63effc6dad41309b2bff0a77,,,,,
608632780,40,382,0,8692,2,3,0,0,0,104,127896.6667,,27,5,1,0,0,0,0,0,0,0,0,2,93,53,643d6da8e756836e237ed810,r:643d6da8e756836e237ed810,,,,,
1065215302,40,860,4,9595,2,3,0,2,1,119,274366.6667,,18,7,0,2,1,0,0,0,0,0,0,3,451,20,642e2a5e20fb39927603bb74,r:642e2a5e20fb39927603bb74,,,,,
117920248,40,437,4,8934,2,3,0,1,0,101,115808.3333,,21,6,1,1,0,0,0,0,0,0,0,1,136,46,6411df56ad41309b2b0b8bf9,r:6411df56ad41309b2b0b8bf9,,,,,
2085696813,40,463,9,10550,2,4,0,2,0,105,114005,,13,3,3,3,0,0,0,0,0,0,0,2,128,50,64401453053cb8ad714481bb,r:64401453053cb8ad714481bb,,,,,
2025298532,40,449,3,9146,1,2,0,0,0,108,117568.3333,,22,9,0,0,0,0,0,0,0,0,0,2,143,44,6452517965d6430930c87d46,r:6452517965d6430930c87d46,,,,,
883290116,40,769,24,9460,2,2,0,1,0,102,157775,,10,3,4,3,0,0,0,0,0,0,0,0,348,8,6432a11ec7bb03580489a0bd,r:6432a11ec7bb03580489a0bd,,,,,
1967109900,40,429,1,10052,1,3,0,1,0,106,124735,,13,1,3,4,0,0,0,0,0,0,0,0,134,41,64524ab754481fd487d5c26e,r:64524ab754481fd487d5c26e,,,,,
1713345283,42,594,5,9711,1,3,0,1,0,108,115178.3333,,19,6,1,2,0,0,0,0,0,0,0,0,238,21,6439fd56d104e8c4d9766683,r:6439fd56d104e8c4d9766683,,,,,
22279948,40,485,8,9857,1,2,0,2,0,102,98960,,14,3,4,2,0,0,0,0,0,0,0,3,153,41,6440b66b5052179ff0f34394,r:6440b66b5052179ff0f34394,,,,,
281628708,41,896,7,9035,1,4,0,1,0,126,308918.3333,,23,4,2,1,0,0,0,0,0,0,0,0,388,18,64457c3a44b3865c688a474e,r:64457c3a44b3865c688a474e,,,,,
1520213037,40,509,2,9290,3,3,0,1,0,115,173003.3333,,13,10,1,1,0,0,0,0,0,0,0,1,186,46,64550446f5ee1cc262059d63,r:64550446f5ee1cc262059d63,,,,,
1063042944,40,658,10,8254,1,3,0,1,0,119,331333.3333,,24,6,0,1,0,0,0,0,0,0,0,0,255,39,63b8058d4d1ec80965d4f020,r:63b8058d4d1ec80965d4f020,,,,,
931102001,40,748,1,9137,1,6,0,0,0,132,301018.3333,,16,6,4,0,0,0,0,0,0,0,0,2,361,44,638c025d77fc83107352feec,r:638c025d77fc83107352feec,,,,,
1785807423,40,362,15,13228,2,3,4,4,0,103,61961.66667,,2,1,0,9,0,0,0,0,0,0,0,3,50,76,637f0e7c6412ae312aebb5a7,r:637f0e7c6412ae312aebb5a7,,,,,
1670347477,40,362,10,13535,1,2,2,6,0,103,50000,,4,0,0,9,0,0,0,0,0,0,0,10,43,79,6359c1bd6d3682d6f906d1a4,r:6359c1bd6d3682d6f906d1a4,,,,,
505134508,41,416,33,12338,1,2,0,5,0,106,71576.66667,,5,6,0,6,0,0,0,0,0,0,0,3,69,65,62e3a5324362885feba369ef,r:62e3a5324362885feba369ef,,,,,
1751971282,40,340,10,15220,1,1,10,10,1,101,55651.66667,,0,0,0,10,1,0,0,0,0,0,0,4,51,74,63fb34942a57039b17cc3b45,r:63fb34942a57039b17cc3b45,,,,,
1211082487,42,396,26,12656,2,3,2,4,0,107,59178.33333,,6,2,0,8,0,0,0,0,0,0,0,1,55,76,6444a03a35154fed9e7235a4,r:6444a03a35154fed9e7235a4,,,,,
1968945449,40,336,13,13538,1,2,0,7,1,104,51625,,7,2,0,7,0,0,0,1,0,0,0,3,19,88,62d1010765acdbce1a7196fd,r:62d1010765acdbce1a7196fd,,,,,
50868181,40,426,18,13748,1,5,0,1,1,104,72726.66667,,27,4,1,0,0,0,0,0,1,0,1,1,80,61,619812dec2c05fb30f670f63,r:619812dec2c05fb30f670f63,,,,,
46227471,40,391,16,11006,3,4,0,2,0,101,48178.33333,,12,2,0,6,0,0,0,0,0,0,0,2,81,60,62b4873165acdbce1a673eb9,r:62b4873165acdbce1a673eb9,,,,,
1859492191,40,428,28,12340,1,2,0,6,0,102,53710,,9,2,1,6,0,0,0,0,0,0,0,4,90,54,6426d1c4fb49ed069e69fef7,r:6426d1c4fb49ed069e69fef7,,,,,
2050411372,40,394,40,11236,1,9,1,1,0,104,68561.66667,,7,6,3,3,0,0,0,0,0,0,0,0,57,72,63d4d7a756c1df6d14d3a4ad,r:63d4d7a756c1df6d14d3a4ad,,,,,
967999180,40,329,15,8832,1,2,0,1,0,101,62555,,30,3,0,1,0,0,0,0,0,0,0,2,47,77,64420a9556877088c314f627,r:64420a9556877088c314f627,,,,,
1104422217,40,388,34,28451,1,3,0,5,11,104,86608.33333,,3,2,0,3,2,0,0,0,6,3,1,37,5,99,64272309bcae8a06980bde9c,r:64272309bcae8a06980bde9c,,,,,
463832667,40,350,51,18466,14,17,0,0,0,105,50095,,38,1,0,0,0,0,0,0,0,0,0,10,14,92,645259160a68d94999f210b4,r:645259160a68d94999f210b4,,,,,
1876756502,40,576,45,14617,4,14,0,0,0,116,119026.6667,,30,5,0,0,0,0,0,0,0,0,0,3,153,58,64063568b507939b0a6917cf,r:64063568b507939b0a6917cf,,,,,
1115204416,40,367,,10656,1,2,0,2,0,101,57676.66667,,12,1,2,5,0,0,0,0,0,0,0,0,60,69,600c34bb029639e93c97d5b2,r:600c34bb029639e93c97d5b2,,,,,
1499260224,40,351,9,13360,1,2,0,8,0,107,54751.66667,,5,0,1,8,0,0,0,0,0,0,0,4,37,79,63aa9e3445b76b098cd8291b,r:63aa9e3445b76b098cd8291b,,,,,
213021208,40,390,6,13347,1,3,0,6,0,111,72751.66667,,4,2,0,8,0,0,0,0,0,0,0,5,74,68,63d6c3bb96fc8b6d043af633,r:63d6c3bb96fc8b6d043af633,,,,,
381582929,40,318,2,11404,1,4,0,4,0,102,40685,,11,1,1,6,0,0,0,0,0,0,0,0,29,82,63c485878b6199cff4ef9d9b,r:63c485878b6199cff4ef9d9b,,,,,
408184613,41,417,29,10224,1,6,0,1,0,105,56343.33333,,11,6,2,3,0,0,0,0,0,0,0,0,64,69,625fe66174b32603a6dabdb0,r:625fe66174b32603a6dabdb0,,,,,
281228326,40,359,,12906,2,3,0,5,0,102,62448.33333,,4,2,0,8,0,0,0,0,0,0,0,2,47,74,60a18ed1b4f0c31a9f8a0a9c,r:60a18ed1b4f0c31a9f8a0a9c,,,,,
1286675573,40,486,55,9893,1,7,0,0,0,112,72906.66667,,19,9,1,0,0,0,0,0,0,0,0,0,92,63,61d4eaa4cfc40273f1f51772,r:61d4eaa4cfc40273f1f51772,,,,,
157116189,40,411,21,14906,1,1,10,10,0,111,55343.33333,,0,0,0,10,0,0,0,0,0,0,0,6,73,74,62231be9aa308069771b6f56,r:62231be9aa308069771b6f56,,,,,
1795941251,41,516,32,8946,1,4,0,0,0,105,97598.33333,,27,4,2,0,0,0,0,0,0,0,0,2,151,46,638208fccc0a57ccac288b6a,r:638208fccc0a57ccac288b6a,,,,,
1808715973,42,412,30,14830,1,3,3,7,0,113,78133.33333,,2,0,0,10,0,0,0,0,0,0,0,0,57,83,64518c02508a1eb061e54e48,r:64518c02508a1eb061e54e48,,,,,
222763130,40,444,35,14733,1,2,10,10,0,109,63718.33333,,0,0,0,10,0,0,0,0,0,0,0,2,66,74,63c5f77b9343cecfda0ae22f,r:63c5f77b9343cecfda0ae22f,,,,,
368101926,40,442,44,12970,2,10,0,1,1,109,77845,,37,1,0,0,0,0,1,0,0,0,0,1,69,80,64571bef815cf27d04929c61,r:64571bef815cf27d04929c61,,,,,
1667697764,40,422,22,9913,1,5,0,1,0,101,65808.33333,,13,7,3,1,0,0,0,0,0,0,0,0,93,50,6457bfb8815cf27d0492e84f,r:6457bfb8815cf27d0492e84f,,,,,
2132627225,40,388,63,13881,10,12,1,1,0,102,46738.33333,,15,7,1,2,0,0,0,0,0,0,0,13,58,67,63480fd9e7bc74601ea9b05b,r:63480fd9e7bc74601ea9b05b,,,,,
1307163978,40,396,20,11046,2,8,0,1,0,105,83515,,15,7,1,2,0,0,0,0,0,0,0,5,50,73,62430d01e04653e38c865b3b,r:62430d01e04653e38c865b3b,,,,,
344186826,40,362,14,13578,3,3,0,6,0,104,63868.33333,,2,1,0,9,0,0,0,0,0,0,0,4,51,75,64415bf9053cb8ad71452152,r:64415bf9053cb8ad71452152,,,,,
891118769,40,327,12,11481,3,3,0,4,0,101,56368.33333,,13,0,1,6,0,0,0,0,0,0,0,0,39,75,64324a72c7bb035804897ad2,r:64324a72c7bb035804897ad2,,,,,
688430525,40,446,18,11080,3,7,0,1,0,107,112326.6667,,10,8,2,2,0,0,0,0,0,0,0,0,104,63,61bd9d48551f6403891ebfa1,r:61bd9d48551f6403891ebfa1,,,,,
1337130856,40,515,22,11029,1,2,0,3,0,105,104236.6667,,8,3,2,5,0,0,0,0,0,0,0,1,130,46,62432e2e8b136ae3b7387808,r:62432e2e8b136ae3b7387808,,,,,
351067875,40,425,27,13286,1,5,1,4,2,105,68311.66667,,8,2,2,5,1,0,0,0,1,0,0,1,78,67,637c47ba6eaebe3131dcc19a,r:637c47ba6eaebe3131dcc19a,,,,,
268674891,41,373,31,10126,1,6,0,1,0,104,66178.33333,,11,7,4,1,0,0,0,0,0,0,0,0,57,70,63be8dbbdc4f9dcfe5361e7b,r:63be8dbbdc4f9dcfe5361e7b,,,,,
805303636,40,389,27,9414,1,3,0,1,0,102,61041.66667,,21,4,1,2,0,0,0,0,0,0,0,5,64,68,64512e8d41655062abd64c00,r:64512e8d41655062abd64c00,,,,,
530870627,40,407,29,11551,1,3,0,4,0,105,75395,,8,3,2,5,0,0,0,0,0,0,0,1,64,66,61563573c775bff9f0ab8ea7,r:61563573c775bff9f0ab8ea7,,,,,
1897460237,41,674,21,9657,1,2,0,1,0,106,130783.3333,,15,3,4,2,0,0,0,0,0,0,0,1,269,31,635b1a0b8a8109fb6819d0e3,r:635b1a0b8a8109fb6819d0e3,,,,,
1810448419,40,373,,13550,4,4,0,5,0,105,43235,,4,0,0,9,0,0,0,0,0,0,0,0,53,71,610731d1a481005ab4ad8286,r:610731d1a481005ab4ad8286,,,,,
440511407,42,429,28,16750,4,4,0,6,0,105,53935,,3,2,1,8,0,0,0,0,0,0,1,0,74,69,632b3ab90248620713f11bf1,r:632b3ab90248620713f11bf1,,,,,
826709441,40,385,28,10186,1,3,0,2,0,102,52045,,12,2,4,3,0,0,0,0,0,0,0,0,68,64,63960570fecc3b670558a119,r:63960570fecc3b670558a119,,,,,
1584190919,40,344,36,14905,1,2,0,5,3,102,45035,,11,0,1,5,0,0,0,0,3,0,0,8,23,82,641ced559ed8697a6a55c23c,r:641ced559ed8697a6a55c23c,,,,,
552510228,40,381,26,14884,1,1,10,10,0,110,45980,,0,0,0,10,0,0,0,0,0,0,0,7,61,71,6443ebb8c0fad3659d8f3e9a,r:6443ebb8c0fad3659d8f3e9a,,,,,
2121511486,40,386,20,12216,1,3,0,6,0,104,45266.66667,,11,1,1,6,0,0,0,0,0,0,0,0,48,75,640b48d6be02c29b2024fd2b,r:640b48d6be02c29b2024fd2b,,,,,
22480980,40,389,4,14777,1,1,10,10,0,108,89373.33333,,0,0,0,10,0,0,0,0,0,0,0,1,69,73,633d72e463d2855fef98c77b,r:633d72e463d2855fef98c77b,,,,,
1039786677,40,445,22,28534,1,7,0,14,13,106,44105,,6,2,0,1,0,0,0,0,13,0,0,0,45,75,6448982a35154fed9e7412c6,r:6448982a35154fed9e7412c6,,,,,
862629524,40,333,7,13760,1,2,0,9,0,102,37951.66667,,2,1,0,9,0,0,0,0,0,0,0,0,41,74,64311079cf4508581d2c44af,r:64311079cf4508581d2c44af,,,,,
908727616,40,356,22,14441,2,2,0,9,1,102,44140,,1,0,1,9,1,0,0,0,0,0,0,0,31,79,6415474faa4882e759a074b4,r:6415474faa4882e759a074b4,,,,,
1321826884,40,373,26,13150,1,4,0,6,0,105,49600,,3,1,1,8,0,0,0,0,0,0,0,0,50,73,63f9090fb507939b0a646486,r:63f9090fb507939b0a646486,,,,,
630286149,40,369,,18942,1,4,0,5,1,103,46030,,11,3,1,5,0,1,0,0,0,0,2,2,31,83,60427651294b632f94a30d0f,r:60427651294b632f94a30d0f,,,,,
541516971,40,318,17,14110,1,2,0,9,0,101,48806.66667,,2,1,0,9,0,0,0,0,0,0,0,4,31,82,63e69e67e534b56d1ecca022,r:63e69e67e534b56d1ecca022,,,,,
912294478,40,390,31,10871,1,2,0,2,0,102,64343.33333,,7,5,1,5,0,0,0,0,0,0,0,3,36,80,61e8e57b2f1cc80c0e537dbf,r:61e8e57b2f1cc80c0e537dbf,,,,,
102885258,40,389,27,12922,1,3,0,6,0,104,51470,,8,0,0,8,0,0,0,0,0,0,0,0,51,72,63fdc835ad41309b2b03e5bc,r:63fdc835ad41309b2b03e5bc,,,,,
1093599484,40,410,25,10864,1,5,0,1,1,113,62326.66667,,12,4,6,0,0,0,0,0,1,0,0,1,48,78,63432a157c77f77cbbb56e9b,r:63432a157c77f77cbbb56e9b,,,,,
604009964,40,413,12,11142,3,6,0,1,1,102,40445,,13,7,1,2,0,0,0,0,1,0,0,0,85,57,63ab43d1645c08095d240096,r:63ab43d1645c08095d240096,,,,,
1057938290,40,356,20,10154,2,3,0,2,0,101,47726.66667,,12,3,2,4,0,0,0,0,0,0,0,5,33,78,62d9f416ce16427d6e84064f,r:62d9f416ce16427d6e84064f,,,,,
247883304,41,378,,10394,1,3,0,2,0,104,76433.33333,,9,5,2,4,0,0,0,0,0,0,0,2,57,71,5fdf5ef22a20d57fb87e235b,r:5fdf5ef22a20d57fb87e235b,,,,,
44357611,42,401,20,15161,1,3,8,8,1,106,59448.33333,,2,1,0,9,0,0,0,0,1,0,0,6,61,68,61f97ab1c5035f3693b04ffc,r:61f97ab1c5035f3693b04ffc,,,,,
731486947,40,307,35,12905,1,2,1,7,1,104,32446.66667,,2,3,0,8,0,1,0,0,0,0,0,55,1,103,644f180a508a1eb061e4211d,r:644f180a508a1eb061e4211d,,,,,
1216868512,40,362,27,13482,1,2,0,8,0,102,58301.66667,,6,1,0,8,0,0,0,0,0,0,0,2,45,76,63ea61c5b507939b0a5f1b5d,r:63ea61c5b507939b0a5f1b5d,,,,,
1783033194,40,395,27,11416,1,3,0,5,0,103,52421.66667,,7,3,1,6,0,0,0,0,0,0,0,4,58,65,6453505141655062abd7499b,r:6453505141655062abd7499b,,,,,
777425794,40,341,33,10715,1,3,0,2,0,101,54388.33333,,16,4,0,4,0,0,0,0,0,0,0,1,14,92,6231bba7a710be699d7307d2,r:6231bba7a710be699d7307d2,,,,,
611700128,40,323,36,12510,2,5,0,4,0,102,46118.33333,,8,0,0,8,0,0,0,0,0,0,0,27,9,96,64241ad0a0759606b8f6dae6,r:64241ad0a0759606b8f6dae6,,,,,
1368664848,40,379,50,12202,1,10,0,0,0,102,45803.33333,,26,7,0,0,0,0,0,0,0,0,0,0,46,76,63c53874dc4f9dcfe53879c0,r:63c53874dc4f9dcfe53879c0,,,,,
1087279021,40,352,31,9830,1,3,0,2,0,102,48095,,25,2,1,2,0,0,0,0,0,0,0,3,20,87,62abe33bdea07bce363c9184,r:62abe33bdea07bce363c9184,,,,,
1233269929,41,382,28,13870,1,2,4,4,0,107,54536.66667,,2,0,1,9,0,0,0,0,0,0,0,4,41,83,61efe810534017407e3be6ba,r:61efe810534017407e3be6ba,,,,,
359341285,40,338,13,13368,2,2,0,8,0,101,39880,,4,2,0,8,0,0,0,0,0,0,0,6,43,71,6438d42ae9b1894fa182eca7,r:6438d42ae9b1894fa182eca7,,,,,
1403705485,40,403,49,10805,1,8,0,1,1,103,48763.33333,,22,3,1,2,0,0,1,0,0,0,0,3,52,72,63b0e4854d1ec80965d27a06,r:63b0e4854d1ec80965d27a06,,,,,
1615665439,40,395,14,13791,1,3,0,9,0,102,57268.33333,,2,1,0,9,0,0,0,0,0,0,0,2,82,61,63ed860681abac9b3357d060,r:63ed860681abac9b3357d060,,,,,
643399234,40,366,32,10231,1,4,0,1,1,102,62516.66667,,27,2,1,1,0,0,0,0,1,0,0,1,44,76,63e5d3958a093e6d2da486a4,r:63e5d3958a093e6d2da486a4,,,,,
2005213367,40,368,23,12258,2,3,0,3,0,103,57931.66667,,6,1,0,8,0,0,0,0,0,0,0,0,38,74,644e83d5cad39dab9b7f12a3,r:644e83d5cad39dab9b7f12a3,,,,,
604541332,40,419,0,8892,1,3,0,0,0,102,77690,,22,9,0,0,0,0,0,0,0,0,0,1,137,45,61649845e17beeef4511ee90,r:61649845e17beeef4511ee90,,,,,
711911567,40,408,39,13826,3,3,0,9,0,102,61208.33333,,1,0,1,9,0,0,0,0,0,0,0,1,73,63,64574191cad39dab9b831684,r:64574191cad39dab9b831684,,,,,
1285263347,40,329,18,12461,2,2,1,4,2,104,51358.33333,,1,2,1,8,1,1,0,0,0,0,0,9,4,102,63f9bdd4b507939b0a64a2a6,r:63f9bdd4b507939b0a64a2a6,,,,,
1717724065,41,370,0,13656,2,2,4,4,0,106,46885,,1,2,0,9,0,0,0,0,0,0,0,3,63,67,6403cb505977d89b10d83725,r:6403cb505977d89b10d83725,,,,,
1831440058,40,367,14,14125,1,4,0,9,0,101,54156.66667,,2,1,0,9,0,0,0,0,0,0,0,1,58,68,6425fa271599c706a7975c37,r:6425fa271599c706a7975c37,,,,,
95785086,40,380,31,13018,1,3,0,7,0,102,48586.66667,,4,1,2,7,0,0,0,0,0,0,0,1,60,68,641b3577beb53e7a4b07e841,r:641b3577beb53e7a4b07e841,,,,,
393636027,40,419,30,13562,2,2,0,6,0,101,53405,,2,1,0,9,0,0,0,0,0,0,0,0,90,55,61d33bd6bd0b6454dfd6ac71,r:61d33bd6bd0b6454dfd6ac71,,,,,
2059692102,40,424,33,9388,2,4,0,1,0,101,78665,,15,9,1,1,0,0,0,0,0,0,0,0,95,55,6275567bf9903649447c21b6,r:6275567bf9903649447c21b6,,,,,
273159179,40,376,9,10860,1,3,0,2,0,104,53265,,9,4,1,5,0,0,0,0,0,0,0,1,62,70,6195b21c2d88c8b3166cdf39,r:6195b21c2d88c8b3166cdf39,,,,,
511663734,40,375,16,13444,1,2,0,5,0,101,69825,,2,1,0,9,0,0,0,0,0,0,0,0,63,66,63bd46147d6aa6cfc4a63cf2,r:63bd46147d6aa6cfc4a63cf2,,,,,
1017164269,40,408,41,13742,1,2,3,6,0,102,65570,,1,0,1,9,0,0,0,0,0,0,0,0,80,64,641fad9472059e7a4e3a0f43,r:641fad9472059e7a4e3a0f43,,,,,
1570326742,40,347,15,12642,1,3,0,6,0,103,63950,,5,4,1,6,0,0,0,0,0,0,0,2,43,79,643f8cb54779a9b38a6f8551,r:643f8cb54779a9b38a6f8551,,,,,
1186359359,40,430,20,11312,1,2,0,3,0,102,62060,,12,2,0,6,0,0,0,0,0,0,0,4,93,53,64188d33be02c29b202a4716,r:64188d33be02c29b202a4716,,,,,
2092801514,41,439,25,12264,1,3,0,5,0,105,78346.66667,,7,5,0,6,0,0,0,0,0,0,0,1,72,67,63da2a2496fc8b6d043c20dc,r:63da2a2496fc8b6d043c20dc,,,,,
1367793550,40,469,42,10783,1,8,0,1,0,108,78921.66667,,10,7,4,1,0,0,0,0,0,0,0,1,84,72,642d876f85f1735820af7df2,r:642d876f85f1735820af7df2,,,,,
1161776285,41,364,21,14162,1,2,1,8,0,105,57248.33333,,1,2,0,9,0,0,0,0,0,0,0,1,40,73,62671d3b3fd82c068e4d6362,r:62671d3b3fd82c068e4d6362,,,,,
2095107407,41,310,16,11862,1,3,0,3,0,104,53651.66667,,6,2,1,7,0,0,0,0,0,0,0,58,3,102,6437c3e1aa94a07e33f246f1,r:6437c3e1aa94a07e33f246f1,,,,,
1716180487,40,400,40,12648,2,7,0,5,0,103,54920,,7,3,1,6,0,0,0,0,0,0,0,2,53,71,63d4f1bbe534b56d1ec661c7,r:63d4f1bbe534b56d1ec661c7,,,,,
1896791571,40,409,40,9908,1,3,0,2,0,106,57948.33333,,11,7,1,3,0,0,0,0,0,0,0,2,66,70,6456b980c168111ad2e1657c,r:6456b980c168111ad2e1657c,,,,,
239467579,40,365,5,12646,1,2,0,6,0,104,69350,,5,0,1,8,0,0,0,0,0,0,0,1,75,64,64396968e9b1894fa1833421,r:64396968e9b1894fa1833421,,,,,
1000707472,41,401,38,12314,8,10,0,0,0,105,76538.33333,,6,13,3,0,0,0,0,0,0,0,0,2,71,68,637c467490ed7b3160b122ea,r:637c467490ed7b3160b122ea,,,,,
1890319600,40,388,,9306,1,3,0,1,0,103,75111.66667,,22,7,0,1,0,0,0,0,0,0,0,1,88,70,614b87f63d143144c794327b,r:614b87f63d143144c794327b,,,,,
331929960,40,415,24,11048,1,6,0,2,0,103,70780,,5,5,3,4,0,0,0,0,0,0,0,0,76,62,64113cc4aa4882e7599ed577,r:64113cc4aa4882e7599ed577,,,,,
635142287,40,327,16,13444,1,2,0,4,2,102,76183.33333,,9,4,2,3,0,0,0,0,1,1,0,3,38,84,644cc8f8a60706fa124409b6,r:644cc8f8a60706fa124409b6,,,,,
1783745941,40,341,21,14760,1,1,10,10,0,101,72150,,0,0,0,10,0,0,0,0,0,0,0,1,31,78,64161391b507939b0a6f4289,r:64161391b507939b0a6f4289,,,,,
996639074,40,383,21,11460,1,9,0,1,0,101,61956.66667,,12,7,2,2,0,0,0,0,0,0,0,2,72,60,6350c5fc1d8e81d5f1c9977a,r:6350c5fc1d8e81d5f1c9977a,,,,,
913190285,40,436,,10291,1,3,0,2,0,103,86546.66667,,15,7,1,2,0,0,0,0,0,0,0,1,91,64,60c50395be92ca2d215dabbd,r:60c50395be92ca2d215dabbd,,,,,
508619384,40,363,16,11862,1,2,1,4,0,105,52188.33333,,5,1,3,6,0,0,0,0,0,0,0,6,47,75,636ca3abd49473f7b4cb1cd1,r:636ca3abd49473f7b4cb1cd1,,,,,
1308805571,40,375,20,9786,2,4,0,1,0,103,61566.66667,,16,7,2,1,0,0,0,0,0,0,0,5,54,74,638b91e1a28f86105728c6e9,r:638b91e1a28f86105728c6e9,,,,,
1787533191,40,503,33,18328,1,5,0,3,3,101,91110,,7,3,2,4,0,0,0,1,2,0,1,1,113,63,643d5bb405baf9476c7deedd,r:643d5bb405baf9476c7deedd,,,,,
1974536117,41,358,8,11684,2,3,0,2,0,105,68218.33333,,3,4,2,6,0,0,0,0,0,0,0,15,56,73,64077e1dbe02c29b20236304,r:64077e1dbe02c29b20236304,,,,,
366199784,40,352,30,11784,1,4,0,3,0,102,64530,,7,3,1,6,0,0,0,0,0,0,0,14,39,78,644fce27f5ee1cc262031f97,r:644fce27f5ee1cc262031f97,,,,,
182393853,40,365,19,14813,1,2,10,10,0,102,69546.66667,,0,0,0,10,0,0,0,0,0,0,0,1,56,72,641c8f57dbe5737a6de4e7d2,r:641c8f57dbe5737a6de4e7d2,,,,,
1725467861,40,373,19,10524,2,8,1,1,0,107,63640,,12,5,2,3,0,0,0,0,0,0,0,3,45,77,6447878f1549b6a2d556940b,r:6447878f1549b6a2d556940b,,,,,
1872812412,40,318,20,14796,1,1,10,10,0,102,70836.66667,,0,0,0,10,0,0,0,0,0,0,0,7,11,92,61ef1e40ae21c8407709abfb,r:61ef1e40ae21c8407709abfb,,,,,
1813445033,41,349,16,13166,1,2,3,4,0,107,73071.66667,,5,0,0,9,0,0,0,0,0,0,0,6,31,83,641368f4ec2f099b3a5c1989,r:641368f4ec2f099b3a5c1989,,,,,
631482479,40,369,28,14220,3,3,0,9,0,101,51316.66667,,2,1,0,9,0,0,0,0,0,0,0,0,50,71,63fff3c2b507939b0a66ccf9,r:63fff3c2b507939b0a66ccf9,,,,,
1083182945,41,422,22,17898,1,1,11,11,2,111,74741.66667,,0,0,0,9,0,0,0,0,1,1,0,3,71,65,6285f504574217069595510c,r:6285f504574217069595510c,,,,,
1770006507,40,398,32,12872,1,4,0,4,1,101,49561.66667,,5,2,1,7,1,0,0,0,0,0,0,3,71,63,64010582ad41309b2b051e8b,r:64010582ad41309b2b051e8b,,,,,
1536793585,40,296,6,13304,4,4,1,8,0,101,53883.33333,,2,1,0,9,0,0,0,0,0,0,0,30,8,96,64492ca335154fed9e745ccb,r:64492ca335154fed9e745ccb,,,,,
2067243762,40,385,4,11600,2,3,0,3,0,104,77698.33333,,6,2,2,6,0,0,0,0,0,0,0,2,84,64,6450c7daf5ee1cc262039450,r:6450c7daf5ee1cc262039450,,,,,
1518021007,40,316,20,9220,2,3,0,1,1,101,60430,,33,3,0,0,0,0,0,1,0,0,0,5,14,94,63ca8b9a8a093e6d2d9acaca,r:63ca8b9a8a093e6d2d9acaca,,,,,
1969225655,40,416,8,11472,1,3,1,3,0,101,68411.66667,,7,1,1,7,0,0,0,0,0,0,0,2,117,40,64171970b507939b0a6f995d,r:64171970b507939b0a6f995d,,,,,
2117898605,40,387,36,13726,1,15,0,1,0,102,72138.33333,,20,8,0,1,0,0,0,0,0,0,0,0,75,61,64265cd0bcae8a06980b8492,r:64265cd0bcae8a06980b8492,,,,,
2034849311,41,552,15,10678,1,4,0,1,1,105,83875,,20,6,0,2,0,0,0,1,0,0,0,1,180,42,63041f88dfe4833b26c10e91,r:63041f88dfe4833b26c10e91,,,,,
2134068283,40,361,35,11546,2,3,0,2,0,104,48928.33333,,5,3,3,5,0,0,0,0,0,0,0,7,38,79,63cefa6ee1882f6d0a8804cd,r:63cefa6ee1882f6d0a8804cd,,,,,
1917356790,40,374,30,11286,1,3,0,3,0,104,57223.33333,,9,2,1,6,0,0,0,0,0,0,0,0,36,82,645664d1815cf27d04925525,r:645664d1815cf27d04925525,,,,,
1052179924,40,384,31,30796,1,3,0,5,9,104,31100,,4,2,1,2,0,0,0,0,6,3,2,18,2,102,6439891077f0fdeece4e0ad0,r:6439891077f0fdeece4e0ad0,,,,,
1237506978,40,430,37,8920,1,2,0,0,0,103,62466.66667,,28,6,0,0,0,0,0,0,0,0,0,0,75,67,6358d0a25d4a7fd6e3db7d17,r:6358d0a25d4a7fd6e3db7d17,,,,,
887447296,40,331,7,13338,2,2,0,7,0,102,38578.33333,,2,1,0,9,0,0,0,0,0,0,0,2,32,77,643d4218155cea70d834b30f,r:643d4218155cea70d834b30f,,,,,
2013531523,40,375,28,18060,1,4,0,9,6,103,44978.33333,,11,2,0,4,0,0,0,3,3,0,0,0,29,83,644c9b007734da03837ca8bf,r:644c9b007734da03837ca8bf,,,,,
976086805,40,361,24,12809,1,3,0,6,0,104,59946.66667,,4,2,0,8,0,0,0,0,0,0,0,5,33,81,61a76b79c2c05fb30f6d3ca5,r:61a76b79c2c05fb30f6d3ca5,,,,,
761063817,40,381,26,12602,1,3,0,5,0,101,39420,,3,1,1,8,0,0,0,0,0,0,0,7,50,72,6448a60f44b3865c688bbd64,r:6448a60f44b3865c688bbd64,,,,,
154904610,40,367,25,12044,1,3,0,4,0,102,45591.66667,,5,2,1,7,0,0,0,0,0,0,0,3,51,69,61f362b7914634406de6e3a0,r:61f362b7914634406de6e3a0,,,,,
114950672,40,357,24,13805,1,2,0,8,0,103,47978.33333,,1,0,1,9,0,0,0,0,0,0,0,3,36,79,644c7c452778a3f96816f349,r:644c7c452778a3f96816f349,,,,,
1305016019,40,391,23,11363,1,2,0,4,0,101,57316.66667,,9,2,1,6,0,0,0,0,0,0,0,3,69,59,63fdbbe040fed39b1ee361db,r:63fdbbe040fed39b1ee361db,,,,,
23187844,40,334,13,9918,4,4,0,1,0,101,39638.33333,,13,8,1,2,0,0,0,0,0,0,0,7,29,76,641d506c8bfb077a58cae8d1,r:641d506c8bfb077a58cae8d1,,,,,
537531588,40,363,,16318,1,3,0,9,2,103,45448.33333,,4,0,1,7,0,0,0,0,1,1,0,0,31,79,60d736d2dfd57b2cf7a454ca,r:60d736d2dfd57b2cf7a454ca,,,,,
1217702174,40,300,42,15881,1,14,0,1,4,101,40473.33333,,35,1,0,0,0,1,3,0,0,0,0,8,10,92,6338585363d2855fef97091b,r:6338585363d2855fef97091b,,,,,
324548596,41,366,14,14062,2,2,0,8,2,105,49466.66667,,1,2,0,9,0,2,0,0,0,0,0,5,45,75,63563803ae5d07c416f86e77,r:63563803ae5d07c416f86e77,,,,,
514022770,40,369,,11220,1,2,0,3,0,103,35485,,6,2,2,6,0,0,0,0,0,0,0,25,12,92,5f9e91fcbb643bdf86c98274,r:5f9e91fcbb643bdf86c98274,,,,,
2039963052,40,341,5,12836,1,2,0,6,0,102,40973.33333,,5,0,1,8,0,0,0,0,0,0,0,1,46,73,6457e94565d6430930cb330e,r:6457e94565d6430930cb330e,,,,,
1537899343,40,360,19,11559,1,3,0,5,0,102,48748.33333,,8,3,2,5,0,0,0,0,0,0,0,2,40,80,63f41c68ec2f099b3a505fdd,r:63f41c68ec2f099b3a505fdd,,,,,
2032880660,40,327,18,12412,1,9,0,2,0,103,47635,,12,6,0,4,0,0,0,0,0,0,0,0,26,87,636cb7e0303498f7a8605c2c,r:636cb7e0303498f7a8605c2c,,,,,
1726659397,40,312,8,13668,1,2,0,8,0,103,47005,,3,1,1,8,0,0,0,0,0,0,0,1,9,97,64356af483fd1f580a5d63b1,r:64356af483fd1f580a5d63b1,,,,,
720384774,40,349,26,17522,1,3,9,9,0,103,44033.33333,,2,1,0,9,0,0,0,0,0,0,1,3,35,79,63168e5ccc59143b0f721d68,r:63168e5ccc59143b0f721d68,,,,,
282958124,40,350,30,15068,1,2,10,10,0,104,47021.66667,,0,0,0,10,0,0,0,0,0,0,0,1,25,84,6438cba4e9b1894fa182e8cd,r:6438cba4e9b1894fa182e8cd,,,,,
1366542065,40,339,18,13650,1,3,0,8,0,102,44976.66667,,3,1,1,8,0,0,0,0,0,0,0,3,39,76,6423b69aa0759606b8f6b50d,r:6423b69aa0759606b8f6b50d,,,,,
987953583,40,359,40,15123,1,3,0,5,2,102,39015,,4,2,0,7,0,0,0,0,2,0,0,4,21,86,63c8e0e62ba1cccfecdafbc7,r:63c8e0e62ba1cccfecdafbc7,,,,,
1413053631,40,360,39,10088,1,3,0,2,0,103,49068.33333,,16,2,0,5,0,0,0,0,0,0,0,1,20,88,63f2e806ec2f099b3a4ff8ed,r:63f2e806ec2f099b3a4ff8ed,,,,,
884601815,40,313,49,12750,1,2,0,7,0,101,32141.66667,,1,2,1,8,0,0,0,0,0,0,0,25,9,94,645138d90a68d94999f18e1a,r:645138d90a68d94999f18e1a,,,,,
190053200,40,361,24,12547,1,3,2,3,1,102,49033.33333,,8,0,0,8,1,0,0,0,0,0,0,4,40,75,643cac660d843ea41d78ce24,r:643cac660d843ea41d78ce24,,,,,
1319538924,40,371,36,32959,2,3,0,4,9,102,39318.33333,,10,3,1,2,0,0,1,4,4,0,4,8,13,93,644e5c5d54481fd487d3fc70,r:644e5c5d54481fd487d3fc70,,,,,
1698818424,40,318,5,12206,2,2,0,5,0,105,40695,,0,3,2,7,0,0,0,0,0,0,0,7,28,82,64153246cdbd97a46daf4a94,r:64153246cdbd97a46daf4a94,,,,,
1402662224,40,365,53,16746,3,3,1,8,0,100,37448.33333,,0,2,0,9,0,0,0,0,0,0,1,6,34,79,63405e9154a5e95ff5d08639,r:63405e9154a5e95ff5d08639,,,,,
500394478,40,342,42,13690,1,4,0,8,0,101,41393.33333,,4,2,0,8,0,0,0,0,0,0,0,10,23,84,6377649990ed7b3160af5066,r:6377649990ed7b3160af5066,,,,,
2127738733,40,388,45,20720,2,4,0,4,5,102,49706.66667,,12,6,0,1,0,0,0,0,3,2,1,2,17,87,63bf43a72ba1cccfecd78f3f,r:63bf43a72ba1cccfecd78f3f,,,,,
2079689484,40,353,48,13422,2,2,0,8,0,102,38818.33333,,3,1,1,8,0,0,0,0,0,0,0,2,34,78,644f87c965d6430930c72383,r:644f87c965d6430930c72383,,,,,
987741159,40,388,23,14464,2,2,10,10,0,102,38658.33333,,0,0,0,10,0,0,0,0,0,0,0,4,61,68,6436d6dd4cf0c328d2a45b52,r:6436d6dd4cf0c328d2a45b52,,,,,
1799573962,40,339,32,13354,1,3,0,6,0,102,35846.66667,,2,1,0,9,0,0,0,0,0,0,0,3,20,86,640a6be1cdbd97a46dab2cd5,r:640a6be1cdbd97a46dab2cd5,,,,,
1478778539,40,381,41,14998,1,1,10,10,0,103,51025,,0,0,0,10,0,0,0,0,0,0,0,1,45,80,63e328aae1882f6d0a8f1215,r:63e328aae1882f6d0a8f1215,,,,,
1389357256,40,348,20,13310,1,2,0,8,0,103,45856.66667,,6,1,0,8,0,0,0,0,0,0,0,2,37,75,643c6b1d9e17f7a3b0342163,r:643c6b1d9e17f7a3b0342163,,,,,
169891376,40,361,32,13820,1,1,0,9,0,103,47108.33333,,2,1,0,9,0,0,0,0,0,0,0,0,32,81,643b8f3605baf9476c7d1ba7,r:643b8f3605baf9476c7d1ba7,,,,,
589342560,40,400,29,14700,1,2,10,10,0,106,54583.33333,,0,0,0,10,0,0,0,0,0,0,0,2,50,81,64510d96c168111ad2deb632,r:64510d96c168111ad2deb632,,,,,
1859679007,40,391,40,41499,2,3,0,5,12,103,38793.33333,,7,2,1,2,0,0,0,6,6,0,5,0,16,93,6451de70cad39dab9b809897,r:6451de70cad39dab9b809897,,,,,
1031071345,40,283,17,13778,1,2,0,9,0,102,29821.66667,,2,1,0,9,0,0,0,0,0,0,0,28,6,99,643a66da8bbe0329d86a8602,r:643a66da8bbe0329d86a8602,,,,,
1955892822,41,347,8,11780,1,3,0,3,1,105,38318.33333,,5,3,2,6,1,0,0,0,0,0,0,2,35,82,63288a94289f211d40721088,r:63288a94289f211d40721088,,,,,
945703307,40,339,18,13618,1,2,0,8,0,102,37683.33333,,2,0,2,8,0,0,0,0,0,0,0,13,28,84,635ac7414a22f0d6c9df8b3a,r:635ac7414a22f0d6c9df8b3a,,,,,
1605237149,40,321,27,18395,2,3,0,6,3,102,34116.66667,,5,4,0,6,0,1,0,1,1,0,1,0,15,89,6359e9396d3682d6f906df68,r:6359e9396d3682d6f906df68,,,,,
966412439,41,372,34,29740,2,3,0,7,8,104,30850,,6,6,0,3,0,1,0,3,4,0,3,1,18,89,62f6c83ddfe4833b26bcc39f,r:62f6c83ddfe4833b26bcc39f,,,,,
2139386479,40,386,36,13532,1,1,0,6,0,103,39218.33333,,1,0,1,9,0,0,0,0,0,0,0,2,60,65,6254a7d8ecad38a39b7a388d,r:6254a7d8ecad38a39b7a388d,,,,,
953248492,40,399,40,41035,2,4,0,5,12,104,38135,,7,5,0,1,0,0,0,5,7,0,5,7,15,92,62dbecdb512a137d7c1bbbc5,r:62dbecdb512a137d7c1bbbc5,,,,,
1937476715,40,351,40,10835,2,4,0,3,0,101,34790,,12,2,0,6,0,0,0,0,0,0,0,3,21,87,641eec9672059e7a4e39c543,r:641eec9672059e7a4e39c543,,,,,
1664379048,41,341,25,14518,1,1,0,9,0,107,41888.33333,,0,1,1,9,0,0,0,0,0,0,0,13,29,88,6405fc95cdbd97a46da96502,r:6405fc95cdbd97a46da96502,,,,,
466715024,40,326,17,13288,1,2,0,5,0,104,40795,,2,0,2,8,0,0,0,0,0,0,0,1,9,98,63ea7896b507939b0a5f242c,r:63ea7896b507939b0a5f242c,,,,,
1611272718,40,371,44,29506,3,4,0,3,9,104,35190,,11,3,0,0,0,0,0,0,4,5,2,22,7,97,62f4bf49f8fb773afa7905aa,r:62f4bf49f8fb773afa7905aa,,,,,
821317419,40,528,50,38207,1,1,20,20,20,138,105850,,0,0,0,0,0,0,0,0,20,0,0,3,51,104,6167fdfcb870bf25dfcdce17,r:6167fdfcb870bf25dfcdce17,,,,,
1598160147,40,328,18,9404,2,4,0,1,0,102,38501.66667,,25,4,1,1,0,0,0,0,0,0,0,1,34,76,629de81ebf6ce5ce2e8162ee,r:629de81ebf6ce5ce2e8162ee,,,,,
1941939437,40,340,25,8863,3,3,0,0,0,102,38298.33333,,36,2,0,0,0,0,0,0,0,0,0,1,41,73,636e4edd6860b6f7bc34d038,r:636e4edd6860b6f7bc34d038,,,,,
1844427792,40,387,,15432,3,3,0,4,0,100,42250,,1,1,3,7,0,0,0,0,0,0,1,6,54,62,60af47feebd1d4135a617f33,r:60af47feebd1d4135a617f33,,,,,
1717325050,40,388,48,11342,1,3,0,4,0,105,44421.66667,,7,1,1,7,0,0,0,0,0,0,0,3,38,79,6446f6e735154fed9e73498a,r:6446f6e735154fed9e73498a,,,,,
255701954,40,345,31,13568,1,7,0,7,1,103,23063.33333,,3,3,1,7,0,1,0,0,0,0,0,10,9,94,640b0c9540fed39b1ee863b9,r:640b0c9540fed39b1ee863b9,,,,,
1743626771,40,302,34,15578,1,1,0,10,2,102,29525,,0,1,0,9,1,0,0,0,1,0,0,5,6,97,640e8ed8cdbd97a46dacb630,r:640e8ed8cdbd97a46dacb630,,,,,
1988197549,40,383,53,29945,2,4,0,3,11,102,30641.66667,,10,7,0,0,0,0,2,5,3,1,3,10,9,93,63c77760544ba3cfca7e6fc7,r:63c77760544ba3cfca7e6fc7,,,,,
1031270632,40,408,34,14127,1,3,0,3,3,103,42893.33333,,16,5,0,2,0,0,0,1,1,1,0,0,51,70,642ff00019b9aa580efae2a4,r:642ff00019b9aa580efae2a4,,,,,
1046921179,40,318,0,9216,1,3,0,0,0,104,35381.66667,,21,8,1,0,0,0,0,0,0,0,0,2,35,81,624c7cbf75b8c20fe8e9275e,r:624c7cbf75b8c20fe8e9275e,,,,,
1514099191,40,324,33,12734,1,3,0,6,0,102,57786.66667,,5,0,1,8,0,0,0,0,0,0,0,7,29,85,62853d710ef36d994fcc1bf4,r:62853d710ef36d994fcc1bf4,,,,,
2132060520,40,344,,14006,2,2,0,9,0,105,35488.33333,,4,0,0,9,0,0,0,0,0,0,0,0,27,84,6132786e7fe6ab44eaa5d972,r:6132786e7fe6ab44eaa5d972,,,,,
1433256858,40,323,47,12730,1,3,0,4,0,102,33683.33333,,6,1,0,8,0,0,0,0,0,0,0,39,4,98,63656df9f9ffbe7fac5741a0,r:63656df9f9ffbe7fac5741a0,,,,,
1226867303,40,362,35,18077,1,4,0,6,4,101,37196.66667,,6,1,0,6,0,0,0,1,2,1,0,18,19,85,639ec12bf1f2a5e084bc7a9d,r:639ec12bf1f2a5e084bc7a9d,,,,,
207387347,40,376,37,42177,1,2,0,7,12,105,29021.66667,,1,6,0,2,0,0,0,5,7,0,5,26,11,95,63458a5b7c77f77cbbb6375a,r:63458a5b7c77f77cbbb6375a,,,,,
1792648889,40,329,36,12628,1,2,1,7,0,107,36243.33333,,0,2,0,9,0,0,0,0,0,0,0,2,8,99,6437215f7013ff8708a5e60e,r:6437215f7013ff8708a5e60e,,,,,
374092889,40,370,42,20808,2,3,0,3,4,104,39508.33333,,13,2,2,3,0,1,0,1,2,0,2,1,34,78,62e6519ff16a20061ac545c2,r:62e6519ff16a20061ac545c2,,,,,
1498851763,40,335,44,14854,1,1,10,10,0,102,39383.33333,,0,0,0,10,0,0,0,0,0,0,0,1,12,91,63628fc9563d807fb60b2969,r:63628fc9563d807fb60b2969,,,,,
451383518,40,328,33,14199,1,3,0,9,0,102,30105,,2,1,0,9,0,0,0,0,0,0,0,54,8,99,619e8df712d3f9b32b00f45f,r:619e8df712d3f9b32b00f45f,,,,,
758656055,40,359,27,15256,1,2,0,8,2,103,61868.33333,,0,1,2,7,0,0,0,0,2,0,0,17,19,88,64495507c320444993e7fa55,r:64495507c320444993e7fa55,,,,,
1478637590,40,361,22,12619,2,2,0,4,0,102,35958.33333,,6,1,0,8,0,0,0,0,0,0,0,6,45,76,63927eb3e1f0c366f8d16565,r:63927eb3e1f0c366f8d16565,,,,,
1250454621,40,357,52,14380,2,2,0,9,0,101,29225,,4,0,0,9,0,0,0,0,0,0,0,2,18,86,63d2d8898a093e6d2d9db7a0,r:63d2d8898a093e6d2d9db7a0,,,,,
1608513925,40,317,33,18270,1,2,10,10,0,101,33821.66667,,0,0,0,10,0,0,0,0,0,0,1,14,4,97,642cae6c1a881857fdd9670a,r:642cae6c1a881857fdd9670a,,,,,
512899561,40,313,47,17510,1,2,0,9,0,100,24558.33333,,2,1,0,9,0,0,0,0,0,0,1,7,6,94,643bf928155cea70d834256d,r:643bf928155cea70d834256d,,,,,
1467301506,40,306,36,14806,1,2,10,10,0,101,21985,,0,0,0,10,0,0,0,0,0,0,0,10,13,92,63f15c9840fed39b1edef942,r:63f15c9840fed39b1edef942,,,,,
1581437220,40,397,39,13913,2,2,0,8,1,101,35806.66667,,5,0,1,8,1,0,0,0,0,0,0,3,43,76,63926ef1b674976702adafb8,r:63926ef1b674976702adafb8,,,,,
553590312,40,305,30,13487,1,3,0,8,0,101,30516.66667,,4,2,0,8,0,0,0,0,0,0,0,17,4,99,63c33242b1efb7cfd1cf2dee,r:63c33242b1efb7cfd1cf2dee,,,,,
1050862169,40,316,24,12514,1,2,0,6,0,102,40980,,1,4,1,7,0,0,0,0,0,0,0,22,11,98,62977ed12b510cce05ccf3da,r:62977ed12b510cce05ccf3da,,,,,
314038423,40,333,58,17280,2,2,0,9,1,100,28466.66667,,2,1,0,9,0,1,0,0,0,0,1,45,3,97,6288d91cd5b2acc5dfc2b040,r:6288d91cd5b2acc5dfc2b040,,,,,
1901786084,40,323,49,13843,1,3,0,8,1,101,27266.66667,,3,0,0,9,0,0,1,0,0,0,0,4,23,82,635d71d62fe7420ba85fc7dc,r:635d71d62fe7420ba85fc7dc,,,,,
1497182098,40,340,29,13386,2,2,0,8,0,103,27498.33333,,1,2,1,8,0,0,0,0,0,0,0,2,22,81,641e093cdbe5737a6de584ba,r:641e093cdbe5737a6de584ba,,,,,
28021761,40,361,58,13188,1,5,0,6,1,102,28243.33333,,9,0,1,7,1,0,0,0,0,0,0,4,8,94,624333c4e8dc8be386206ff7,r:624333c4e8dc8be386206ff7,,,,,
2069993059,40,325,33,14812,1,1,10,10,0,101,23413.33333,,0,0,0,10,0,0,0,0,0,0,0,13,8,93,642827e383fd1f580a57e4bd,r:642827e383fd1f580a57e4bd,,,,,
1786432552,40,319,42,14480,2,2,0,9,0,103,26820,,1,0,1,9,0,0,0,0,0,0,0,103,0,103,629d574a2b510cce05cf7b7e,r:629d574a2b510cce05cf7b7e,,,,,
79584064,40,297,19,14842,1,2,10,10,0,102,22706.66667,,0,0,0,10,0,0,0,0,0,0,0,3,7,97,6449765ac0fad3659d91d5d1,r:6449765ac0fad3659d91d5d1,,,,,
633265103,40,332,,12960,2,2,0,7,0,103,34741.66667,,4,0,0,9,0,0,0,0,0,0,0,10,16,90,60484fe51061d3b0a2420c3a,r:60484fe51061d3b0a2420c3a,,,,,
704830326,40,284,25,14294,1,2,10,10,0,103,18701.66667,,0,0,0,10,0,0,0,0,0,0,0,5,5,100,6423192a1599c706a7962804,r:6423192a1599c706a7962804,,,,,
2116096504,41,304,0,12858,2,2,0,6,0,104,24856.66667,,1,1,2,8,0,0,0,0,0,0,0,1,23,84,644699a08b18b8aa99016ed9,r:644699a08b18b8aa99016ed9,,,,,
599742169,40,264,29,13740,2,2,0,9,0,101,14525,,1,0,1,9,0,0,0,0,0,0,0,38,2,100,63e02c7e2c32d06d26be8221,r:63e02c7e2c32d06d26be8221,,,,,
813059263,40,311,36,13830,4,4,0,8,0,101,23190,,2,1,0,9,0,0,0,0,0,0,0,12,7,96,6432ae2019b9aa580efc0e44,r:6432ae2019b9aa580efc0e44,,,,,
633273347,40,387,40,21355,1,3,1,4,9,105,63523.33333,,7,1,2,2,0,0,0,1,8,0,0,5,30,84,618bd76112d3f9b32bf8f138,r:618bd76112d3f9b32bf8f138,,,,,
901092892,40,292,35,13426,1,1,0,9,0,101,24378.33333,,1,0,1,9,0,0,0,0,0,0,0,1,11,95,6402847f81abac9b335f66bf,r:6402847f81abac9b335f66bf,,,,,
1659159592,40,280,,13648,2,2,0,9,0,101,23926.66667,,2,1,0,9,0,0,0,0,0,0,0,41,2,99,6074dada1f48b96eab95e043,r:6074dada1f48b96eab95e043,,,,,
553676589,40,268,31,13586,1,1,0,5,0,102,17831.66667,,0,2,0,9,0,0,0,0,0,0,0,43,1,101,63de0448e1882f6d0a8d5648,r:63de0448e1882f6d0a8d5648,,,,,
2054645955,40,349,50,15159,1,1,10,10,1,101,25138.33333,,0,0,0,10,1,0,0,0,0,0,0,7,20,86,63fa78de5977d89b10d4d847,r:63fa78de5977d89b10d4d847,,,,,
1867905320,40,307,0,13740,2,2,0,9,0,104,30255,,1,0,1,9,0,0,0,0,0,0,0,3,24,86,63f476fe81abac9b335a444c,r:63f476fe81abac9b335a444c,,,,,
1892692236,41,343,43,8908,1,3,0,0,0,103,31261.66667,,33,4,0,0,0,0,0,0,0,0,0,10,15,90,6428fab947baed57f05046b0,r:6428fab947baed57f05046b0,,,,,
2005148958,40,271,20,14364,1,1,10,10,0,101,21076.66667,,0,0,0,10,0,0,0,0,0,0,0,50,1,100,64565590508a1eb061e79006,r:64565590508a1eb061e79006,,,,,
1318230020,40,376,40,35896,1,3,0,5,10,103,23433.33333,,4,6,0,2,0,0,0,4,6,0,4,3,14,91,643ae36dda48f5fcadcc508f,r:643ae36dda48f5fcadcc508f,,,,,
1474990244,40,318,36,13260,1,2,0,8,0,102,23738.33333,,5,0,1,8,0,0,0,0,0,0,0,0,16,91,63c2588e2ba1cccfecd8b467,r:63c2588e2ba1cccfecd8b467,,,,,
684629491,40,327,27,13500,1,3,0,8,0,103,28513.33333,,4,0,0,9,0,0,0,0,0,0,0,0,13,91,63a44edff594eb3d338601bf,r:63a44edff594eb3d338601bf,,,,,
797203705,40,343,,14273,1,2,0,5,1,101,38033.33333,,0,2,1,8,0,0,0,1,0,0,0,8,19,87,607064841f48b96eab949e7f,r:607064841f48b96eab949e7f,,,,,
930254160,40,335,21,14310,1,2,10,10,0,101,30056.66667,,0,0,0,10,0,0,0,0,0,0,0,2,29,78,6454cfe70a68d94999f33fc7,r:6454cfe70a68d94999f33fc7,,,,,
1850501400,40,312,17,12192,2,3,0,5,0,102,29403.33333,,6,0,2,7,0,0,0,0,0,0,0,4,13,90,6288523a574217069596712e,r:6288523a574217069596712e,,,,,
843706131,40,320,28,11274,6,6,0,4,0,101,29658.33333,,10,1,0,7,0,0,0,0,0,0,0,21,11,93,639d58ecf1f2a5e084bbf870,r:639d58ecf1f2a5e084bbf870,,,,,
1848075298,40,345,33,12904,1,3,0,7,0,103,25841.66667,,12,0,0,7,0,0,0,0,0,0,0,1,22,86,63b2385c4d1ec80965d2e17e,r:63b2385c4d1ec80965d2e17e,,,,,
269991503,40,295,31,13980,1,1,0,9,0,101,19785,,1,0,1,9,0,0,0,0,0,0,0,19,6,99,6450932754481fd487d4f77b,r:6450932754481fd487d4f77b,,,,,
1635276664,40,298,20,14740,1,1,10,10,0,101,27268.33333,,0,0,0,10,0,0,0,0,0,0,0,1,6,96,631752c1269fd63b16115120,r:631752c1269fd63b16115120,,,,,
1454383892,40,298,43,13532,2,2,0,8,0,101,20871.66667,,3,1,1,8,0,0,0,0,0,0,0,1,3,98,643c0e2b921ce0242bb80503,r:643c0e2b921ce0242bb80503,,,,,
1854887970,40,339,55,14086,1,2,0,9,0,101,27591.66667,,2,1,0,9,0,0,0,0,0,0,0,9,18,84,63ce2d8196fc8b6d043801f3,r:63ce2d8196fc8b6d043801f3,,,,,
174281085,40,290,1,10499,3,3,0,3,0,101,26441.66667,,9,4,1,5,0,0,0,0,0,0,0,15,10,93,62ae5a38bf6ce5ce2e88bccc,r:62ae5a38bf6ce5ce2e88bccc,,,,,
1521469021,40,299,34,14206,3,3,0,9,0,101,28923.33333,,2,1,0,9,0,0,0,0,0,0,0,89,1,100,6455af8165d6430930ca279f,r:6455af8165d6430930ca279f,,,,,
630833217,40,314,7,13384,1,2,0,8,0,102,23658.33333,,4,2,0,8,0,0,0,0,0,0,0,2,22,87,6436aacc89bb2d32e467961e,r:6436aacc89bb2d32e467961e,,,,,
565228044,40,277,8,13796,1,2,0,9,0,101,22413.33333,,2,1,0,9,0,0,0,0,0,0,0,27,5,96,6441e8a2c0fad3659d8e4510,r:6441e8a2c0fad3659d8e4510,,,,,
1057543788,40,321,42,41460,4,4,0,2,5,101,19735,,12,4,1,3,0,2,1,0,2,0,8,1,3,98,644a959d35154fed9e7510b4,r:644a959d35154fed9e7510b4,,,,,
434695696,40,318,52,13662,1,3,0,9,0,101,21433.33333,,4,0,0,9,0,0,0,0,0,0,0,101,0,101,63c20dbd6febf8cfd81c7e1e,r:63c20dbd6febf8cfd81c7e1e,,,,,
1991014782,40,289,38,14474,1,1,10,10,0,102,18168.33333,,0,0,0,10,0,0,0,0,0,0,0,102,0,102,637b04c06eaebe3131dc4a51,r:637b04c06eaebe3131dc4a51,,,,,
